no,year,track,award,title,authors,doi,url,status,read_date,notes
1,2016,Award,Best Paper,Local Item-Item Models for Top-N Recommendation,"Evangelia Christakopoulou, George Karypis",10.1145/2959100.2959185,https://doi.org/10.1145/2959100.2959185,,,
2,2016,Award,Best Short Paper,"Adaptive, Personalized Diversity for Visual Discovery","Choon Hui Teo, Houssam Nassif, Daniel Hill, Sriram Srinivasan, Mitchell Goodman, Vijai Mohan, S. V. N. Vishwanathan",10.1145/2959100.2959171,https://doi.org/10.1145/2959100.2959171,,,
3,2017,Award,Best Paper,Modeling the Assimilation-Contrast Effects in Online Product Rating Systems: Debiasing and Recommendations,"Xiaoying Zhang, Junzhou Zhao, John C.S. Lui",10.1145/3109859.3109885,https://doi.org/10.1145/3109859.3109885,,,
4,2017,Award,Best Paper Runner-up,Translation-based Recommendation,"Ruining He, Wang-Cheng Kang, Julian McAuley",10.1145/3109859.3109882,https://doi.org/10.1145/3109859.3109882,,,
5,2018,Award,Best Long Paper,Causal Embeddings for Recommendation,"Stephen Bonner, Flavian Vasile",10.1145/3240323.3240360,https://doi.org/10.1145/3240323.3240360,,,
6,2018,Award,Best Long Paper Runner-up,Generation Meets Recommendation: Proposing Novel Items for Groups of Users,"Thanh Vinh Vo, Harold Soh",10.1145/3240323.3240357,https://doi.org/10.1145/3240323.3240357,,,
7,2018,Award,Best Short Paper,Impact of Item Consumption on Assessment of Recommendations in User Studies,"Benedikt Loepp, Tim Donkers, Timm Kleemann, Jürgen Ziegler",10.1145/3240323.3240375,https://doi.org/10.1145/3240323.3240375,,,
8,2018,Award,Best Short Paper Runner-up,HOP-rec: High-order Proximity for Implicit Recommendation,"Jheng-Hong Yang, Chih-Ming Chen, Chuan-Ju Wang, Ming-Feng Tsai",10.1145/3240323.3240381,https://doi.org/10.1145/3240323.3240381,,,
9,2019,Award,Best Long Paper,Are We Really Making Much Progress? A Worrying Analysis of Recent Neural Recommendation Approaches,"Maurizio Ferrari Dacrema, Paolo Cremonesi, Dietmar Jannach",10.1145/3298689.3347058,https://doi.org/10.1145/3298689.3347058,,,
10,2019,Award,Best Short Paper,Pace My Race: Recommendations for Marathon Running,"Jakim Berndsen, Barry Smyth, Aonghus Lawlor",10.1145/3298689.3346991,https://doi.org/10.1145/3298689.3346991,,,
11,2019,Award,Honorable Mention Short Paper,Quick and Accurate Attack Detection in Recommender Systems through User Attributes,"Mehmet Aktukmak, Yasin Yilmaz, Ismail Uysal",10.1145/3298689.3347050,https://doi.org/10.1145/3298689.3347050,,,
12,2020,Award,Best Long Paper,Progressive Layered Extraction (PLE): A Novel Multi-Task Learning (MTL) Model for Personalized Recommendations,"Hongyan Tang, Junning Liu, Ming Zhao, Xudong Gong",10.1145/3383313.3412236,https://doi.org/10.1145/3383313.3412236,,,
13,2020,Award,Best Long Paper Runner-up,Exploiting Performance Estimates for Augmenting Recommendation Ensembles,"Gustavo Penha, Rodrygo L. T. Santos",10.1145/3383313.3412264,https://doi.org/10.1145/3383313.3412264,,,
14,2020,Award,Best Short Paper,ADER: Adaptively Distilled Exemplar Replay Towards Continual Learning for Session-based Recommendation,"Fei Mi, Xiaoyu Lin, Boi Faltings",10.1145/3383313.3412218,https://doi.org/10.1145/3383313.3412218,,,
15,2021,Papers,,A Payload Optimization Method for Federated Recommender Systems,"Farwa K. Khan, Adrian Flanagan, Kuan Eeik Tan, Zareen Alamgir, and Muhammad Ammad-ud-din",10.1145/3460231.3474257,https://doi.org/10.1145/3460231.3474257,,,
16,2021,Papers,,Accordion: A Trainable Simulator for Long-Term Interactive Systems,"James McInerney, Ehtsham Elahi, Justin Basilico, Yves Raimond, and Tony Jebara",10.1145/3460231.3474259,https://doi.org/10.1145/3460231.3474259,,,
17,2021,Papers,,An Audit of Misinformation Filter Bubbles on YouTube: Bubble Bursting and Recent Behavior Changes,"Matus Tomlein, Branislav Pecher, Jakub Simko, Ivan Srba, Robert Moro, Elena Stefancova, Michal Kompan, Andrea Hrckova, Juraj Podrouzek, and Maria Bielikova",10.1145/3460231.3474241,https://doi.org/10.1145/3460231.3474241,,,
18,2021,Papers,,Black-Box Attacks on Sequential Recommenders via Data-Free Model Extraction,"Zhenrui Yue, Zhankui He, Huimin Zeng, and Julian McAuley",10.1145/3460231.3474275,https://doi.org/10.1145/3460231.3474275,,,
19,2021,Papers,,Burst-induced Multi-Armed Bandit for Learning Recommendation,"Rodrigo Alves, Antoine Ledent, and Marius Kloft",10.1145/3460231.3474250,https://doi.org/10.1145/3460231.3474250,,,
20,2021,Papers,,cDLRM: Look Ahead Caching for Scalable Training of Recommendation Models,"Keshav Balasubramanian, Abdulla Alshabanah, Joshua D Choe, and Murali Annavaram",10.1145/3460231.3474246,https://doi.org/10.1145/3460231.3474246,,,
21,2021,Papers,,Cold Start Similar Artists Ranking with Gravity-Inspired Graph Autoencoders,"Guillaume Salha-Galvan, Romain Hennequin, Benjamin Chapus, Viet-Anh Tran, and Michalis Vazirgiannis",10.1145/3460231.3474252,https://doi.org/10.1145/3460231.3474252,,,
22,2021,Papers,,Debiased Explainable Pairwise Ranking from Implicit Feedback,"Khalil Damak, Sami Khenissi, and Olfa Nasraoui",10.1145/3460231.3474274,https://doi.org/10.1145/3460231.3474274,,,
23,2021,Papers,,Denoising User-aware Memory Network for Recommendation,"Zhi Bian, Shaojun Zhou, Hao Fu, Qihong Yang, Zhenqi Sun, Junjie Tang, Guiquan Liu, kaikui liu, and Xiaolong Li",10.1145/3460231.3474237,https://doi.org/10.1145/3460231.3474237,,,
24,2021,Papers,,Designing Online Advertisements via Bandit and Reinforcement Learning,"Yusuke Narita, Shota Yasui, and Kohei Yata",10.1145/3460231.3474231,https://doi.org/10.1145/3460231.3474231,,,
25,2021,Papers,,Evaluating Off-Policy Evaluation: Sensitivity and Robustness,"Yuta Saito, Takuma Udagawa, Haruka Kiyohara, Kazuki Mogi, Yusuke Narita, and Kei Tateno",10.1145/3460231.3474245,https://doi.org/10.1145/3460231.3474245,,,
26,2021,Papers,,EX3: Explainable Attribute-aware Item-set Recommendations,"Yikun Xian, Tong Zhao, Jin Li, Jim Chan, Andrey Kan, Jun Ma, Xin Luna Dong, Christos Faloutsos, George Karypis, S. Muthukrishnan, and Yongfeng Zhang",10.1145/3460231.3474240,https://doi.org/10.1145/3460231.3474240,,,
27,2021,Papers,,Fast Multi-Step Critiquing for VAE-based Recommender Systems,Diego Antognini and Boi Faltings,10.1145/3460231.3474249,https://doi.org/10.1145/3460231.3474249,,,
28,2021,Papers,,Follow the guides: disentangling human and algorithmic curation in online music consumption,"Quentin Villermet, Jérémie Poiroux, Manuel Moussallam, Thomas Louail, and Camille Roth",10.1145/3460231.3474269,https://doi.org/10.1145/3460231.3474269,,,
29,2021,Papers,,Hierarchical Latent Relation Modeling for Collaborative Metric Learning,"Viet-Anh Tran, Guillaume Salha-Galvan, Romain Hennequin, and Manuel Moussallam",10.1145/3460231.3474230,https://doi.org/10.1145/3460231.3474230,,,
30,2021,Papers,,I want to break free! Recommending friends from outside the echo chamber,"Antonela Tommasel, Juan Manuel Rodriguez, and Daniela Godoy",10.1145/3460231.3474270,https://doi.org/10.1145/3460231.3474270,,,
31,2021,Papers,,Information Interactions in Outcome Prediction: Quantification and Interpretation using Stochastic Block Models,"Gaël Poux-Médard, Julien Velcin, and Sabine Loudcher",10.1145/3460231.3474254,https://doi.org/10.1145/3460231.3474254,,,
32,2021,Papers,,Large-scale Interactive Conversational Recommendation System,"Ali Montazeralghaem, James Allan, and Philip S. Thomas",10.1145/3460231.3474271,https://doi.org/10.1145/3460231.3474271,,,
33,2021,Papers,,Large-Scale Modeling of Mobile User Click Behaviors Using Deep Learning,Xin Zhou and Yang Li,10.1145/3460231.3474264,https://doi.org/10.1145/3460231.3474264,,,
34,2021,Papers,,Learning An Adaptive Meta Model-Generator for Incrementally Updating Recommender Systems,"Danni Peng, Sinno Jialin Pan, Jie Zhang, and Anxiang Zeng",10.1145/3460231.3474239,https://doi.org/10.1145/3460231.3474239,,,
35,2021,Papers,,Learning to Represent Human Motives for Goal-directed Web Browsing,"Jyun-Yu Jiang, Chia-Jung Lee, Longqi Yang, Bahareh Sarrafzadeh, Brent Hecht, Jaime Teevan",10.1145/3460231.3474260,https://doi.org/10.1145/3460231.3474260,,,
36,2021,Papers,,Local Factor Models for Large-Scale Inductive Recommendation,"Longqi Yang, Tobias Schnabel, Paul N. Bennett, and Susan Dumais",10.1145/3460231.3474276,https://doi.org/10.1145/3460231.3474276,,,
37,2021,Papers,,Matrix Factorization for Collaborative Filtering Is Just Solving an Adjoint Latent Dirichlet Allocation Model After All,Florian Wilhelm,10.1145/3460231.3474266,https://doi.org/10.1145/3460231.3474266,,,
38,2021,Papers,,Mitigating Confounding Bias in Recommendation via Information Bottleneck,"Dugang Liu, Pengxiang Cheng, Hong Zhu, Zhenhua Dong, Xiuqiang He, Weike Pan, and Zhong Ming",10.1145/3460231.3474263,https://doi.org/10.1145/3460231.3474263,,,
39,2021,Papers,,"Negative Interactions for Improved Collaborative-Filtering: Don’t go Deeper, go Higher",Harald Steck and Dawen Liang,10.1145/3460231.3474273,https://doi.org/10.1145/3460231.3474273,,,
40,2021,Papers,,Next-item Recommendations in Short Sessions,"Wenzhuo Song, Shoujin Wang, Yan Wang, and SHENGSHENG WANG",10.1145/3460231.3474238,https://doi.org/10.1145/3460231.3474238,,,
41,2021,Papers,,Online Evaluation Methods for the Causal Effect of Recommendations,Masahiro Sato,10.1145/3460231.3474235,https://doi.org/10.1145/3460231.3474235,,,
42,2021,Papers,,Page-level Optimization of e-Commerce Item Recommendations,"Chieh Lo, Hongliang Yu, Xin Yin, Krutika Shetty, Changchen He, Kathy Hu, Justin M Platz, Adam Ilardi, and Sriganesh Madhvanath",10.1145/3460231.3474242,https://doi.org/10.1145/3460231.3474242,,,
43,2021,Papers,,Partially Observable Reinforcement Learning for Dialog-based Interactive Recommendation,"Yaxiong Wu, Craig Macdonald, and Iadh Ounis,",10.1145/3460231.3474256,https://doi.org/10.1145/3460231.3474256,,,
44,2021,Papers,,Pessimistic Reward Models for Off-Policy Learning in Recommendation,Olivier Jeunen and Bart Goethals,10.1145/3460231.3474247,https://doi.org/10.1145/3460231.3474247,,,
45,2021,Papers,,Privacy Preserving Collaborative Filtering by Distributed Mediation,"Alon Ben Horin, and Tamir Tassa",10.1145/3460231.3474251,https://doi.org/10.1145/3460231.3474251,,,
46,2021,Papers,,ProtoCF: Prototypical Collaborative Filtering for Few-shot Item Recommendation,"Aravind Sankar, Junting Wang, Adit Krishnan, and Hari Sundaram",10.1145/3460231.3474268,https://doi.org/10.1145/3460231.3474268,,,
47,2021,Papers,,Recommendation on Live-Streaming Platforms: Dynamic Availability and Repeat Consumption,"Jeremie Rappaz, Julian McAuley, and Karl Aberer",10.1145/3460231.3474267,https://doi.org/10.1145/3460231.3474267,,,
48,2021,Papers,,Reverse Maximum Inner Product Search: How to efficiently find users who would like to buy my item?,Daichi Amagata and Takahiro Hara,10.1145/3460231.3474229,https://doi.org/10.1145/3460231.3474229,,,
49,2021,Papers,,Semi-Supervised Visual Representation Learning for Fashion Compatibility,"Ambareesh Revanur, Vijay Kumar, and Deepthi Sharma",10.1145/3460231.3474233,https://doi.org/10.1145/3460231.3474233,,,
50,2021,Papers,,Shared Neural Item Representations for Completely Cold Start Problem,"Ramin Raziperchikolaei, Guannan Liang, and Young-joo Chung",10.1145/3460231.3474228,https://doi.org/10.1145/3460231.3474228,,,
51,2021,Papers,,Sparse Feature Factorization for Recommender Systems with Knowledge Graphs,"Antonio Ferrara, Vito Walter Anelli, Tommaso Di Noia, and Alberto Carlo Maria Mancino",10.1145/3460231.3474243,https://doi.org/10.1145/3460231.3474243,,,
52,2021,Papers,,Stronger Privacy for Federated Collaborative Filtering With Implicit Feedback,"Lorenzo Minto, Moritz Haller, Ben Livshits, and Hamed Haddadi",10.1145/3460231.3474262,https://doi.org/10.1145/3460231.3474262,,,
53,2021,Papers,,The Dual Echo Chamber: Modeling Social Media Polarization for Interventional Recommending,Tim Donkers and Jürgen Ziegler,10.1145/3460231.3474261,https://doi.org/10.1145/3460231.3474261,,,
54,2021,Papers,,"The role of preference consistency, defaults and musical expertise in users’ exploration behavior in a genre exploration recommender",Yu Liang and Martijn C. Willemsen,10.1145/3460231.3474253,https://doi.org/10.1145/3460231.3474253,,,
55,2021,Papers,,Together is Better: Hybrid Recommendations Combining Graph Embeddings and Contextualized Word Representations,"Marco Polignano, Cataldo Musto, Marco de Gemmis, Pasquale Lops, and Giovanni Semeraro",10.1145/3460231.3474272,https://doi.org/10.1145/3460231.3474272,,,
56,2021,Papers,,Top-K Contextual Bandits with Equity of Exposure,Olivier Jeunen and Bart Goethals,10.1145/3460231.3474248,https://doi.org/10.1145/3460231.3474248,,,
57,2021,Papers,,"Tops, Bottoms, and Shoes: Building Capsule Wardrobes via Cross-Attention Tensor Network","Huiyuan Chen, Yusan Lin, Fei Wang, and Hao Yang",10.1145/3460231.3474258,https://doi.org/10.1145/3460231.3474258,,,
58,2021,Papers,,Towards Source-Aligned Variational Models for Cross-Domain Recommendation,"Aghiles Salah, Thanh Binh Tran, and Hady Lauw",10.1145/3460231.3474265,https://doi.org/10.1145/3460231.3474265,,,
59,2021,Papers,,Towards Unified Metrics for Accuracy and Diversity for Recommender Systems,Javier Parapar and Filip Radlinski,10.1145/3460231.3474234,https://doi.org/10.1145/3460231.3474234,,,
60,2021,Papers,,Transformers4Rec: Bridging the Gap between NLP and Sequential / Session-Based Recommendation,"Gabriel de Souza Pereira Moreira, Sara Rabhi, Jeong Min Lee, Ronay Ak, and Even Oldridge",10.1145/3460231.3474255,https://doi.org/10.1145/3460231.3474255,,,
61,2021,Papers,,User Bias in Beyond-Accuracy Measurement of Recommendation Algorithms,"Ningxia Wang, and Li Chen",10.1145/3460231.3474244,https://doi.org/10.1145/3460231.3474244,,,
62,2021,Papers,,Values of Exploration in Recommender Systems,"Minmin Chen, Yuyan Wang, Can Xu, Ya Le, mohit sharma, Lee Richardson, and Ed Chi",10.1145/3460231.3474236,https://doi.org/10.1145/3460231.3474236,,,
63,2021,Papers,,“Serving Each User”: Supporting Different Eating Goals Through a Multi-List Recommender Interface,"Alain Starke, Edis Asotic, and Christoph Trattner",10.1145/3460231.3474232,https://doi.org/10.1145/3460231.3474232,,,
64,2021,Reproducibility,,A Case Study on Sampling Strategies for Evaluating Neural Sequential Item Recommendation Models,"Alexander Dallmann, Daniel Zoller, Andreas Hotho (Data Science Chair, University of Würzburg, Würzburg, Germany)",10.1145/3460231.3475943,https://doi.org/10.1145/3460231.3475943,,,
65,2021,Reproducibility,,Generation-based vs. Retrieval-based Conversational Recommendation: A User-Centric Comparison,"Ahtsham Manzoor and Dietmar Jannach (University of Klagenfurt, Klagenfurt, Austria)",10.1145/3460231.3475942,https://doi.org/10.1145/3460231.3475942,,,
66,2021,Reproducibility,,Reenvisioning the comparison between Neural Collaborative Filtering and Matrix Factorization,"Vito Walter Anelli (Polytechnic University of Bari, Bari, Italy), Alejandro Bellogin (Information Retrieval Group, Universidad Autonoma de Madrid, Madrid, Spain), Tommaso Di Noia Polytechnic (University of Bari, Bari, Italy), and Claudio Pomo (Polytechnic University of Bari, Bari, Italy)",10.1145/3460231.3475944,https://doi.org/10.1145/3460231.3475944,,,
67,2021,Industry,,"A new sequential dataset logging interactions, all viewed items and click responses/no-click for recommender systems research","Simen Eide (FINN.no, Norway)",,,,,
68,2021,Industry,,AIR: Personalized Product Recommender System for Nike’s Digital Transformation,"Steven Essinger (Nike, United States)",10.1145/3460231.3474621,https://doi.org/10.1145/3460231.3474621,,,
69,2021,Industry,,Boosting Local Recommendations With Partially Trained Global Model,"Kexin Xie (Salesforce, United States)",10.1145/3460231.3474615,https://doi.org/10.1145/3460231.3474615,,,
70,2021,Industry,,Building a Platform for Ensemble-based Personalized Research Literature Recommendations for AI and Data Science at Zeta Alpha,"Jakub Zavrel (Zeta Alpha, Netherlands)",10.1145/3460231.3474619,https://doi.org/10.1145/3460231.3474619,,,
71,2021,Industry,,Building public service recommenders: Logbook of a journey,"Alessandro Piscopo (BBC, United Kingdom)",10.1145/3460231.3474614,https://doi.org/10.1145/3460231.3474614,,,
72,2021,Industry,,Challenges Experienced in Public Service Media Recommendation Systems,"Andreas Grün (ZDF, Germany)",10.1145/3460231.3474618,https://doi.org/10.1145/3460231.3474618,,,
73,2021,Industry,,Content-based book recommendations,"Niels Bogaards (Bookarang, Netherlands)",10.1145/3460231.3474603,https://doi.org/10.1145/3460231.3474603,,,
74,2021,Industry,,Drug Discovery as a Recommendation Problem: Challenges and Complexities in Biological Decisions,"Anna Gogleva (AstraZeneca, United Kingdom)",10.1145/3460231.3474598,https://doi.org/10.1145/3460231.3474598,,,
75,2021,Industry,,"Elsevier, Fairness in Recommendations","Daniel Kershaw (Elsevier, United Kingdom)",,,,,
76,2021,Industry,,Exploration in Recommender Systems,"Minmin Chen (Google, United States)",10.1145/3460231.3474601,https://doi.org/10.1145/3460231.3474601,,,
77,2021,Industry,,"Jointly Optimize Capacity, Latency and Engagement in Large-scale Recommendation Systems","Hitesh Khandelwal (Facebook, United States)",10.1145/3460231.3474606,https://doi.org/10.1145/3460231.3474606,,,
78,2021,Industry,,Learning a voice-based conversational recommender using offline policy optimization,"Francois Mairesse (Amazon, United States)",10.1145/3460231.3474600,https://doi.org/10.1145/3460231.3474600,,,
79,2021,Industry,,Learning to Match Job Candidates Using Multilingual Bi-Encoder BERT,"Dor Lavi (Randstad, Netherlands)",10.1145/3460231.3474609,https://doi.org/10.1145/3460231.3474609,,,
80,2021,Industry,,Offline Evaluation Standards for Recommender Systems,"Fernando Mourão (Seek, Australia)",10.1145/3460231.3474608,https://doi.org/10.1145/3460231.3474608,,,
81,2021,Industry,,Online Learning for Recommendations at Grubhub,"Alex Egg (GrubHub, United States)",10.1145/3460231.3474599,https://doi.org/10.1145/3460231.3474599,,,
82,2021,Industry,,"Personalised Outfit Recommendations: Use Cases, Challenges and Opportunities","Nick Landia (Dressipi, United Kingdom)",10.1145/3460231.3474622,https://doi.org/10.1145/3460231.3474622,,,
83,2021,Industry,,Personalizing Peloton: Combining Rankers and Filters To Balance Engagement and Business Goals,"Shayak Banerjee (Peloton, United States)",10.1145/3460231.3474610,https://doi.org/10.1145/3460231.3474610,,,
84,2021,Industry,,Recommendations and Results Organization in Netflix Search,"Sudarshan Lamkhede (Netflix, United States)",10.1145/3460231.3474602,https://doi.org/10.1145/3460231.3474602,,,
85,2021,Industry,,Recommendations at Videoland,"Daan Odijk (RTL, Netherlands)",10.1145/3460231.3474617,https://doi.org/10.1145/3460231.3474617,,,
86,2021,Industry,,Recommender Systems for Personalized User Experience: Lessons learned at Booking.com,"Ioannis Kangas (Booking.com, Netherlands)",10.1145/3460231.3474611,https://doi.org/10.1145/3460231.3474611,,,
87,2021,Industry,,Recommenders in banking: An end-to-end personalization pipeline within ING,"Santiago Gil-Begue (ING, Netherlands)",10.1145/3460231.3474612,https://doi.org/10.1145/3460231.3474612,,,
88,2021,Industry,,RecSysOps: Best Practices for Operating a Large-Scale Recommender System,"Mohammad Saberian (Netflix, United States)",10.1145/3460231.3474620,https://doi.org/10.1145/3460231.3474620,,,
89,2021,Industry,,Scaling recommendation infrastructure for local applications: Enabling a self-service culture for data driven decisions within the most global brewer,"Maurits van der Goes (Heineken, Netherlands)",,,,,
90,2021,Industry,,Scaling TensorFlow to 300 million predictions per second,"Jan Hartman (Zemanta/Outbrain, Slovenia)",10.1145/3460231.3474605,https://doi.org/10.1145/3460231.3474605,,,
91,2021,Industry,,You Do Not Need a Bigger Boat: Recommendations at Reasonable Scale in a (Mostly) Serverless and Open Stack.,"Jacopo Tagliabue (Coveo Labs, United States)",10.1145/3460231.3474604,https://doi.org/10.1145/3460231.3474604,,,
92,2021,LBR,,A Constrained Optimization Approach for Calibrated Recommendations,"Sinan Seymen, Himan Abdollahpouri, and Edward C. Malthouse",10.1145/3460231.3478857,https://doi.org/10.1145/3460231.3478857,,,
93,2021,LBR,,An Analysis Of Entire Space Multi-Task Models For Post-Click Conversion Prediction,"Conor O’Brien, Kin Sum Liu, James Neufield, Rafael Barreto, and Jonathan J Hunt",10.1145/3460231.3478852,https://doi.org/10.1145/3460231.3478852,,,
94,2021,LBR,,An Interpretable Recommendation Model for Gerontological Care,"Andre Paulino de Lima, Laurentino Augusto Dantas, Brunela Orlandi, Paula Castro, Maria Pimentel, and Marcelo Garcia Manzato",10.1145/3460231.3478850,https://doi.org/10.1145/3460231.3478850,,,
95,2021,LBR,,Analyzing Item Popularity Bias of Music Recommender Systems: Are Different Genders Equally Affected?,"Oleg Lesota, Alessandro Melchiorre, Navid Rekabsaz, Stefan Brandl, Dominik Kowald, Elisabeth Lex, and Markus Schedl",10.1145/3460231.3478843,https://doi.org/10.1145/3460231.3478843,,,
96,2021,LBR,,Auditing the Effect of Social Network Recommendations on Polarization in Geometrical Ideological Spaces,Ramaciotti Morales and jean-philippe cointet,10.1145/3460231.3478851,https://doi.org/10.1145/3460231.3478851,,,
97,2021,LBR,,Automatic Collection Creation and Recommendation,"Sanidhya Singal, Piyush Singh, and Manjeet Dahiya",10.1145/3460231.3478865,https://doi.org/10.1145/3460231.3478865,,,
98,2021,LBR,,Baby Shark to Barracuda: Analyzing Children’s Music Listening Behavior,"Lawrence Spear, Ashlee Milton, Garrett Allen, Amifa Raj, Michael Green, Michael D Ekstrand and Maria Soledad Pera",10.1145/3460231.3478856,https://doi.org/10.1145/3460231.3478856,,,
99,2021,LBR,,Do Users Appreciate Explanations of Recommendations? An Analysis in the Movie Domain,"Thi Ngoc Trang Tran, Viet Man Le, Muesluem Atas, Alexander Felfernig, and Martin Stettinger",10.1145/3460231.3478859,https://doi.org/10.1145/3460231.3478859,,,
100,2021,LBR,,Dynamic Graph Construction for Improving Diversity of Recommendation,"Rui Ye, Yuqing Hou, Te Lei, Yunxing Zhang, Qing Zhang, Jiale Guo, Huaiwen Wu and Hengliang Luo",10.1145/3460231.3478845,https://doi.org/10.1145/3460231.3478845,,,
101,2021,LBR,,Eigenvalue Perturbation for Item-based Recommender Systems,Cesare Bernardis and Paolo Cremonesi,10.1145/3460231.3478862,https://doi.org/10.1145/3460231.3478862,,,
102,2021,LBR,,Estimating and Penalizing Preference Shifts in Recommender Systems,"Micah Carroll, Dylan Hadfield-Menell, Stuart Russell, and Anca Dragan",10.1145/3460231.3478849,https://doi.org/10.1145/3460231.3478849,,,
103,2021,LBR,,FR-FMSS: Federated Recommendation via Fake Marks and Secret Sharing,"Zhaohao Lin, Weike Pan, and Zhong Ming",10.1145/3460231.3478855,https://doi.org/10.1145/3460231.3478855,,,
104,2021,LBR,,Global-Local Item Embedding for Temporal Set Prediction,"Seungjae Jung, Young-Jin Park, Jisu Jeong, Kyung-Min Kim, Hiun Kim, Minkyu Kim, and Hanock Kwak",10.1145/3460231.3478844,https://doi.org/10.1145/3460231.3478844,,,
105,2021,LBR,,Horizontal Cross-Silo Federated Recommender Systems,Saikishore Kalloori,10.1145/3460231.3478863,https://doi.org/10.1145/3460231.3478863,,,
106,2021,LBR,,Investigating Overparameterization for Non-Negative Matrix Factorization in Collaborative Filtering,Yuhi Kawakami and Mahito Sugiyama,10.1145/3460231.3478854,https://doi.org/10.1145/3460231.3478854,,,
107,2021,LBR,,Optimizing the Selection of Recommendation Carousels with Quantum Computing,"Maurizio Ferrari Dacrema, Nicolò Felicioni, and Paolo Cremonesi",10.1145/3460231.3478853,https://doi.org/10.1145/3460231.3478853,,,
108,2021,LBR,,"Play It Again, Sam! Recommending Familiar Music in Fresh Ways",Giovanni Gabbolini and Derek Bridge,10.1145/3460231.3478866,https://doi.org/10.1145/3460231.3478866,,,
109,2021,LBR,,Predicting Music Relistening Behavior Using the ACT-R Framework,"Markus Reiter-Haas, Emilia Parada-Cabaleiro, Markus Schedl, Elham Motamedi, Marko Tkalcic, and Elisabeth Lex",10.1145/3460231.3478846,https://doi.org/10.1145/3460231.3478846,,,
110,2021,LBR,,Quality Metrics in Recommender Systems: Do We Calculate Metrics Consistently?,"Yan-Martin Tamm, Rinchin Damdinov, and Alexey Vasilev",10.1145/3460231.3478848,https://doi.org/10.1145/3460231.3478848,,,
111,2021,LBR,,Sequence Adaptation via Reinforcement Learning in Recommender Systems,Stefanos Antaris and Dimitrios Rafailidis,10.1145/3460231.3478864,https://doi.org/10.1145/3460231.3478864,,,
112,2021,LBR,,Siamese Neural Networks for Content-based Cold-Start Music Recommendation,Michael Pulis and Josef Bajada,10.1145/3460231.3478847,https://doi.org/10.1145/3460231.3478847,,,
113,2021,LBR,,Soliciting User Preferences in Conversational Recommender Systems via Usage-related Questions,"Ivica Kostric, Krisztian Balog, and Filip Radlinski",10.1145/3460231.3478861,https://doi.org/10.1145/3460231.3478861,,,
114,2021,LBR,,The Idiosyncratic Effects of Adversarial Training on Bias in Personalized Recommendation Learning,"Felice Antonio Merra, Vito Walter Anelli and Tommaso Di Noia",10.1145/3460231.3478858,https://doi.org/10.1145/3460231.3478858,,,
115,2021,LBR,,Transfer Learning in Collaborative Recommendation for Bias Reduction,"Zinan Lin, Dugang Liu, Weike Pan, and Zhong Ming",10.1145/3460231.3478860,https://doi.org/10.1145/3460231.3478860,,,
116,2021,Demos,,A Low-Code Tool Supporting the Development of Recommender Systems,"Claudio Di Sipio, Juri Di Rocco, Davide Di Ruscio, and Phuong Thanh Nguyen",10.1145/3460231.3478885,https://doi.org/10.1145/3460231.3478885,,,
117,2021,Demos,,Connecting Students with Research Advisors Through User-Controlled Recommendation,"Behnam Rahdari, Peter Brusilovsky, and Alireza Javadian Sabet",10.1145/3460231.3478879,https://doi.org/10.1145/3460231.3478879,,,
118,2021,Demos,,DataRec: A System for Finding Datasets Based on Scientific Problem Descriptions,Michael Färber and Ann-Kathrin Leisinger,10.1145/3460231.3478882,https://doi.org/10.1145/3460231.3478882,,,
119,2021,Demos,,EntityBot: Supporting Everyday Digital Tasks with Entity Recommendations,"Tung Vuong, Salvatore Andolina, Giulio Jacucci, Pedram Daee, Khalil Klouche, Mats Sjöberg, Tuukka Ruotsalo, and Samuel Kaski",10.1145/3460231.3478883,https://doi.org/10.1145/3460231.3478883,,,
120,2021,Demos,,Generic Automated Lead Ranking in Dynamics CRM,"Royi Ronen, Hilik Berezin, Rotem Preizler, Gopal Kasturi, AJ Ezzour, Sayalee Bhanavase, Edan Hauon, and Oron Nir",10.1145/3460231.3478880,https://doi.org/10.1145/3460231.3478880,,,
121,2021,Demos,,Multi-Step Critiquing User Interface for Recommender Systems,"Diana Andreea Petrescu, Diego Antognini, and Boi Faltings",10.1145/3460231.3478886,https://doi.org/10.1145/3460231.3478886,,,
122,2021,Demos,,NU:BRIEF – A Privacy-aware Newsletter Personalization Engine for Publishers,"Ernesto Diaz-Aviles, Claudia Orellana-Rodriguez, Igor Brigadir, and Reshma Narayanan Kutty",10.1145/3460231.3478884,https://doi.org/10.1145/3460231.3478884,,,
123,2021,Demos,,"The role of preference consistency, defaults and musical expertise in users’ exploration behavior in a genre exploration recommender",Yu Liang and Martijn C. Willemsen,10.1145/3460231.3474253,https://doi.org/10.1145/3460231.3474253,,,
124,2021,Demos,,Transformers4Rec: Bridging the Gap between NLP and Sequential / Session-Based Recommendation,"Gabriel de Souza Pereira Moreira, Sara Rabhi, Jeong Min Lee, Ronay Ak, and Even Oldridge",10.1145/3460231.3474255,https://doi.org/10.1145/3460231.3474255,,,
125,2021,Demos,,"V-Elliot: Design, Evaluate and Tune Visual Recommender Systems","Vito Walter Anelli, Alejandro Bellogin, Antonio Ferrara, Daniele Malitesta, Felice Antonio Merra, Claudio Pomo, Francesco M Donini, and Tommaso Di Noia",10.1145/3460231.3478881,https://doi.org/10.1145/3460231.3478881,,,
126,2021,Doctoral,,An Ontology-based Knowledgebase for User Profile and Garment Features in Apparel Recommender Systems,Bolanle Olufisayo Dahunsi,10.1145/3460231.3473901,https://doi.org/10.1145/3460231.3473901,,,
127,2021,Doctoral,,Argument-based generation and explanation of recommendations,Andrés Segura-Tinoco,10.1145/3460231.3473894,https://doi.org/10.1145/3460231.3473894,,,
128,2021,Doctoral,,Biases in Recommendation System,Saumya Bhadani,10.1145/3460231.3473897,https://doi.org/10.1145/3460231.3473897,,,
129,2021,Doctoral,,Learning Dynamic Insurance Recommendations from Users’ Click Sessions,Simone Borg Bruun,10.1145/3460231.3473900,https://doi.org/10.1145/3460231.3473900,,,
130,2021,Doctoral,,Leveraging Multi-Faceted User Preferences for Improving Click-Through Rate Predictions,Pan Li,10.1145/3460231.3473899,https://doi.org/10.1145/3460231.3473899,,,
131,2021,Doctoral,,Measuring and Mitigating Bias and Harm in Personalized Advertising,Muhammad Ali,10.1145/3460231.3473895,https://doi.org/10.1145/3460231.3473895,,,
132,2021,Doctoral,,Modeling Users and Items for Recommenders: There Is More than Semantics,Mete Sertkan,10.1145/3460231.3473898,https://doi.org/10.1145/3460231.3473898,,,
133,2021,Doctoral,,Neural Basket Embedding for Sequential Recommendation,Vojtěch Vančura,10.1145/3460231.3473896,https://doi.org/10.1145/3460231.3473896,,,
134,2022,Papers,,A GPU-specialized Inference Parameter Server for Large-Scale Deep Recommendation Models,"Yingcan Wei (NVIDIA, China), Matthias Langer (NVIDIA, China), Fan Yu (NVIDIA, China), Minseok Lee (NVIDIA, Korea, Republic of), Jie Liu (NVIDIA, China), Ji Shi (NVIDIA, China), Zehuan Wang (NVIDIA, China)",10.1145/3523227.3546765,https://doi.org/10.1145/3523227.3546765,,,
135,2022,Papers,,A User-Centered Investigation of Personal Music Tours,"Giovanni Gabbolini (University College Cork, Ireland), Derek Bridge (University College Cork, Ireland)",10.1145/3523227.3546776,https://doi.org/10.1145/3523227.3546776,,,
136,2022,Papers,,Adversary or Friend? An adversarial Approach to Improving Recommender Systems,"Pannaga Shivaswamy (Netflix Inc, United States), Dario Garcia Garcia (Netflix, United States)",10.1145/3523227.3546784,https://doi.org/10.1145/3523227.3546784,,,
137,2022,Papers,,Aspect Re-distribution for Learning Better Item Embeddings in Sequential Recommendation,"Wei Cai (Zhejiang university, China), Weike Pan (Shenzhen University, China), Jingwen Mao (Computer Science, China), Zhechao Yu (Zhejiang University, China), congfu xu (Zhejiang University, China)",10.1145/3523227.3546764,https://doi.org/10.1145/3523227.3546764,,,
138,2022,Papers,,BRUCE – Bundle Recommendation Using Contextualized item Embeddings,"Tzoof Avny Brosh (Ben Gurion , Israel), Amit Livne (Ben-Gurion University of the Negev, Israel, Ben-Gurion University of the Negev, Israel), Oren Sar Shalom (Facebook, Israel, Facebook, Israel), Bracha Shapira (Ben-Gurion University of the Negev, Israel, Ben-Gurion University of the Negev, Israel), Mark Last (Ben-Gurion University of the Negev, Israel, Ben-Gurion University of the Negev, Israel)",10.1145/3523227.3546754,https://doi.org/10.1145/3523227.3546754,,,
139,2022,Papers,,Bundle MCR: Towards Conversational Bundle Recommendation,"Zhankui He (UC San Diego, United States, UC San Diego, United States), Handong Zhao (Adobe Research, United States, Adobe Research, United States), Tong Yu (Adobe Research, United States, Adobe Research, United States), Sungchul Kim (Adobe Research, United States), Fan Du (Adobe Research, United States, Adobe Research, United States), Julian McAuley (UC San Diego, United States, UC San Diego, United States)",10.1145/3523227.3546755,https://doi.org/10.1145/3523227.3546755,,,
140,2022,Papers,,CAEN: A Hierarchically Attentive Evolution Network for Item-Attribute-Change-Aware Recommendation in the Growing E-commerce Environment,"Rui Ma (Alibaba Group, China), Ning Liu (Tsinghua University, China), Jingsong Yuan (Alibaba Group, China), Huafeng Yang (Alibaba Group, China), Jiandong Zhang (Alibaba Group, China)",10.1145/3523227.3546773,https://doi.org/10.1145/3523227.3546773,,,
141,2022,Papers,,Context and Attribute-Aware Sequential Recommendation via Cross-Attention,"Ahmed Rashed (University of Hildesheim, Germany), Shereen Elsayed (University of Hildesheim, Germany), Lars Schmidt-Thieme (University of Hildesheim, Germany)",10.1145/3523227.3546777,https://doi.org/10.1145/3523227.3546777,,,
142,2022,Papers,,Countering Popularity Bias by Regularizing Score Differences,"Wondo Rhee (Seoul National University, Korea, Republic of), Sung Min Cho (Seoul National University, Korea, Republic of), Bongwon Suh (Seoul National University, Korea, Republic of)",10.1145/3523227.3546757,https://doi.org/10.1145/3523227.3546757,,,
143,2022,Papers,,Defending Substitution-based Profile Pollution Attacks on Sequential Recommenders,"Zhenrui Yue (University of Illinois Urbana-Champaign, United States), Huimin Zeng (University of Illinois Urbana-Champaign, United States), Ziyi Kou (University of Illinois Urbana-Champaign, United States), Lanyu Shang (University of Illinois Urbana-Champaign, United States), Dong Wang (University of Illinois at Urbana-Champaign, United States)",10.1145/3523227.3546770,https://doi.org/10.1145/3523227.3546770,,,
144,2022,Papers,,Denoising Self-Attentive Sequential Recommendation,"Huiyuan Chen (Visa Research, United States, Visa Research, United States), Yusan Lin (Visa Research, United States, Visa Research, United States), Menghai Pan (Visa Research, United States, Visa Research, United States), Lan Wang (Visa Research, United States), Chin-Chia Michael Yeh (Visa Inc, United States, Visa Inc, United States), Xiaoting Li (Visa Research , United States, Visa Research , United States), Yan Zheng (Visa Research, United States, Visa Research, United States), Fei Wang (Visa Research, United States, Visa Research, United States), Hao Yang (Visa Research, United States, Visa Research, United States)",10.1145/3523227.3546788,https://doi.org/10.1145/3523227.3546788,,,
145,2022,Papers,,Don’t recommend the obvious: estimate probability ratios,"Roberto Pellegrini (Amazon Development Centre Scotland, United Kingdom), Wenjie Zhao (Amazon Development Centre Scotland, United Kingdom), Iain Murray (Amazon Development Centre Scotland, United Kingdom, University of Edinburgh, United Kingdom)",10.1145/3523227.3546753,https://doi.org/10.1145/3523227.3546753,,,
146,2022,Papers,,Dual Attentional Higher Order Factorization Machines,"Arindam Sarkar (Amazon, India), Dipankar Das (Amazon, India), Vivek Sembium (Amazon, India), Prakash Mandayam Comar (Amazon, India)",10.1145/3523227.3546789,https://doi.org/10.1145/3523227.3546789,,,
147,2022,Papers,,Dynamic Global Sensitivity for Differentially Private Contextual Bandits,"Huazheng Wang (Princeton University, United States), David B. Zhao (University of Virginia, United States), Hongning Wang (University of Viriginia, United States)",10.1145/3523227.3546781,https://doi.org/10.1145/3523227.3546781,,,
148,2022,Papers,,EANA: Reducing Privacy Risk on Large-scale Recommendation Models,"Lin Ning (Google Research, United States), Steve Chien (Google Research, United States), Shuang Song (Google Research, United States), Mei Chen (Google, United States), Qiqi Xue (Google, United States), Devora Berlowitz (Google Research, United States)",10.1145/3523227.3546769,https://doi.org/10.1145/3523227.3546769,,,
149,2022,Papers,,Effective and Efficient Training for Sequential Recommendation using Recency Sampling,"Aleksandr Petrov (the University of Glasgow, United Kingdom), Craig Macdonald (University of Glasgow, United Kingdom)",10.1145/3523227.3546785,https://doi.org/10.1145/3523227.3546785,,,
150,2022,Papers,,Exploiting Negative Preference in Content-based Music Recommendation with Contrastive Learning,"Minju Park (Seoul National University, Korea, Republic of), Kyogu Lee (Seoul National University, Korea, Republic of)",10.1145/3523227.3546768,https://doi.org/10.1145/3523227.3546768,,,
151,2022,Papers,,Exploring the longitudinal effect of nudging on users’ genre exploration behavior and listening preference,"Yu Liang (’s-Hertogenbosch, Netherlands), Martijn C. Willemsen (Eindhoven University of Technology, Netherlands, Jheronimus Academy of Data Science, Netherlands)",10.1145/3523227.3546772,https://doi.org/10.1145/3523227.3546772,,,
152,2022,Papers,,Fairness-aware Federated Matrix Factorization,"Shuchang Liu (Rutgers University, United States), Yingqiang Ge (Rutgers University, United States), Shuyuan Xu (Rutgers University, United States), Yongfeng Zhang (Rutgers University, United States), Amelie Marian (Rutgers University, United States)",10.1145/3523227.3546771,https://doi.org/10.1145/3523227.3546771,,,
153,2022,Papers,,Fast And Accurate User Cold-Start Learning Using Monte Carlo Tree Search,"Dilina Chandika Rajapakse (Trinity College Dublin, Ireland), Douglas Leith (Trinity College Dublin, Ireland)",10.1145/3523227.3546786,https://doi.org/10.1145/3523227.3546786,,,
154,2022,Papers,,Global and Personalized Graphs for Heterogeneous Sequential Recommendation by Learning Behavior Transitions and User Intentions,"Weixin Chen (Shenzhen University, China), Mingkai He (Shenzhen University, China), Yongxin Ni (National University of Singapore, Singapore), Weike Pan (Shenzhen University, China), Li Chen (Hong Kong Baptist University, Hong Kong), Zhong Ming (Shenzhen University, China)",10.1145/3523227.3546761,https://doi.org/10.1145/3523227.3546761,,,
155,2022,Papers,,Identifying New Podcasts with High General Appeal Using a Pure Exploration Infinitely-Armed Bandit Strategy,"Maryam Aziz (Spotify, United States), Jesse Anderton (Spotify, United States), Kevin Jamieson (University of Washington, United States), Alice Y. Wang (Spotify, United States), Hugues Bouchard (Spotify, United States), Javed Aslam (Northeastern University, United States)",10.1145/3523227.3546766,https://doi.org/10.1145/3523227.3546766,,,
156,2022,Papers,,Learning Recommendations from User Actions in the Item-poor Insurance Domain,"Simone Borg Bruun (University of Copenhagen, Denmark), Maria Maistro (University of Copenhagen, Denmark), Christina Lioma (University of Copenhagen, Denmark)",10.1145/3523227.3546775,https://doi.org/10.1145/3523227.3546775,,,
157,2022,Papers,,Learning to Ride a Buy-Cycle: A Hyper-Convolutional Model for Next Basket Repurchase Recommendation,"Ori Katz (Microsoft, Israel, Technion, Israel), Oren Barkan (Microsoft, Israel, The Open University, Israel), Noam Koenigstein (Microsoft, Israel, Tel-Aviv University, Israel), Nir Zabari (Microsoft, Israel, The Hebrew University, Israel)",10.1145/3523227.3546763,https://doi.org/10.1145/3523227.3546763,,,
158,2022,Papers,,MARRS: A Framework for multi-objective risk-aware route recommendation using Multitask-Transformer,"Bhumika . (IIT Jodhpur, India), Debasis Das (Indian Institute of Technology (IIT), India)",10.1145/3523227.3546787,https://doi.org/10.1145/3523227.3546787,,,
159,2022,Papers,,Modeling Two-Way Selection Preference for Person-Job Fit,"Chen Yang (Renmin University of China, China), Yupeng Hou (Gaoling School of Artificial Intelligence, China), Yang Song (BOSS zhipin, China), Tao Zhang (BOSS zhipin, China), Ji-Rong Wen (Gaoling School of Artificial Intelligence, China), Wayne Xin Zhao (Renmin University of China, China)",10.1145/3523227.3546752,https://doi.org/10.1145/3523227.3546752,,,
160,2022,Papers,,Modeling User Repeat Consumption Behavior for Online Novel Recommendation,"Yuncong Li (Tencent, China), Cunxiang Yin (Tencent, China), yancheng he (Tencent, China), Guoqiang Xu (Tencent, China), Jing Cai (tencent, China), leeven luo (technology zone, China), Sheng-hua Zhong (Shenzhen University, China)",10.1145/3523227.3546762,https://doi.org/10.1145/3523227.3546762,,,
161,2022,Papers,,Multi-Modal Dialog State Tracking for Interactive Fashion Recommendation,"Yaxiong Wu (University of Glasgow, United Kingdom), Craig Macdonald (University of Glasgow, United Kingdom), Iadh Ounis (University of Glasgow, United Kingdom)",10.1145/3523227.3546774,https://doi.org/10.1145/3523227.3546774,,,
162,2022,Papers,,Off-Policy Actor Critic for Recommender Systems,"Minmin Chen (Google, United States), Can Xu (Google Inc, United States), Vince Gatto (Google, United States), Devanshu Jain (Google, United States), Aviral Kumar (Google, United States), Ed Chi (Google, United States)",10.1145/3523227.3546758,https://doi.org/10.1145/3523227.3546758,,,
163,2022,Papers,,ProtoMF: Prototype-based Matrix Factorization for Effective and Explainable Recommendations,"Alessandro B. Melchiorre (Johannes Kepler University, Austria, Human-centered AI Group, AI Lab, Linz Institute of Technology, Austria), Navid Rekabsaz (Johannes Kepler University, Austria, Human-centered AI Group, AI Lab, Linz Institute of Technology, Austria), Christian Ganhör (Johannes Kepler University, Austria), Markus Schedl (Johannes Kepler University Linz, Austria, Human-centered AI Group, AI Lab, Linz Institute of Technology, Austria)",10.1145/3523227.3546756,https://doi.org/10.1145/3523227.3546756,,,
164,2022,Papers,,RADio – Rank-Aware Divergence Metrics to Measure Normative Diversity in News Recommendations,"Sanne Vrijenhoek (Universiteit van Amsterdam, Netherlands), Gabriel Bénédict (University of Amsterdam, Netherlands), Mateo Gutierrez Granada (RTL Nederland B.V., Netherlands), Daan Odijk (RTL Nederland B.V., Netherlands), Maarten de Rijke (University of Amsterdam, Netherlands)",10.1145/3523227.3546780,https://doi.org/10.1145/3523227.3546780,,,
165,2022,Papers,,"Recommendation as Language Processing (RLP): A Unified Pretrain, Personalized Prompt & Predict Paradigm (P5)","Shijie Geng (Rutgers University, United States), Shuchang Liu (Rutgers University, United States), Zuohui Fu (Rutgers University, United States), Yingqiang Ge (Rutgers University, United States), Yongfeng Zhang (Rutgers University, United States)",10.1145/3523227.3546767,https://doi.org/10.1145/3523227.3546767,,,
166,2022,Papers,,Reducing Cross-Topic Political Homogenization in Content-Based News Recommendation,"Karthik Shivaram (Tulane University, United States), Ping Liu (Illinois Institute of Technology, United States), Matthew Shapiro (Illinois Institute of Technology, United States), Mustafa Bilgic (Illinois Institute of Technology, United States), Aron Culotta (Tulane University, United States)",10.1145/3523227.3546782,https://doi.org/10.1145/3523227.3546782,,,
167,2022,Papers,,Self-Supervised Bot Play for Transcript-Free Conversational Recommendation with Rationales,"Shuyang Li (UC San Diego, United States), Bodhisattwa Prasad Majumder (UC San Diego, United States), Julian McAuley (UC San Diego, United States)",10.1145/3523227.3546783,https://doi.org/10.1145/3523227.3546783,,,
168,2022,Papers,,Solving Diversity-Aware Maximum Inner Product Search Efficiently and Effectively,"Kohei Hirata (Osaka University, Japan), Daichi Amagata (Osaka University, Japan), Sumio Fujita (Yahoo Japan Corporation, Japan), Takahiro Hara (Osaka University, Japan)",10.1145/3523227.3546779,https://doi.org/10.1145/3523227.3546779,,,
169,2022,Papers,,TinyKG: Memory-Efficient Training Framework for Knowledge Graph Neural Recommender Systems,"Huiyuan Chen (Visa Research, United States, Visa Research, United States), Xiaoting Li (Visa Research , United States, Visa Research , United States), Kaixiong Zhou (Rice University, United States), Xia Hu (Rice University, United States), Chin-Chia Michael Yeh (Visa Inc, United States, Visa Inc, United States), Yan Zheng (Visa Research, United States, Visa Research, United States), Hao Yang (Visa Research, United States, Visa Research, United States)",10.1145/3523227.3546760,https://doi.org/10.1145/3523227.3546760,,,
170,2022,Papers,,Toward Fair Federated Recommendation Learning: Characterizing the Inter-Dependence of System and Data Heterogeneity,"Kiwan Maeng (Meta, United States, Pennsylvania State University, United States), Haiyu Lu (Meta, United States), Luca Melis (Meta, United States), John Nguyen (Meta, United States), Mike Rabbat (Meta, United States), Carole-Jean Wu (Meta, United States)",10.1145/3523227.3546759,https://doi.org/10.1145/3523227.3546759,,,
171,2022,Papers,,Towards Psychologically Grounded Dynamic Preference Models,"Mihaela Curmei (Berkeley, United States), Andreas Haupt (Massachusetts Institute of Technology, United States), Dylan Hadfield-Menell (Massachusetts Institute of Technology, United States), Benjamin Recht (University of California – Berkeley, United States)",10.1145/3523227.3546778,https://doi.org/10.1145/3523227.3546778,,,
172,2022,Papers,,"You Say Factorization Machine, I Say Neural Network – It’s All in the Activation","Chen Almagor (The Hebrew University of Jerusalem, Israel), Yedid Hoshen (The Hebrew University of Jerusalem, Israel)",10.1145/3523227.3551499,https://doi.org/10.1145/3523227.3551499,,,
173,2022,Reproducibility,,A Systematic Review and Replicability Study of BERT4Rec for Sequential Recommendation,"Aleksandr Petrov (the University of Glasgow), Craig Macdonald (University of Glasgow)",10.1145/3523227.3548487,https://doi.org/10.1145/3523227.3548487,,,
174,2022,Reproducibility,,Revisiting the Performance of iALS on Item Recommendation Benchmarks,"Steffen Rendle (Google Research), Walid Krichene (Google), Li Zhang (Google Research), Yehuda Koren (Google)",10.1145/3523227.3548486,https://doi.org/10.1145/3523227.3548486,,,
175,2022,Reproducibility,,Streaming Session-Based Recommendation: When Graph Neural Networks meet the Neighborhood,"Sara Latifi (University of Klagenfurt), Dietmar Jannach (University of Klagenfurt)",10.1145/3523227.3548485,https://doi.org/10.1145/3523227.3548485,,,
176,2022,Industry,,A Lightweight Transformer for Next-Item Product Recommendation,"Jeffrey Mei (Wayfair LLC), Cole Zuber (Wayfair LLC), Yasaman Khazaeni (Wayfair LLC)",10.1145/3523227.3547491,https://doi.org/10.1145/3523227.3547491,,,
177,2022,Industry,,A Multi-Stakeholder Recommender System for Rewards Recommendations,"Luiz Pizzato (Commonwealth Bank of Australia), Naime Ranjbar Kermany (Commonwealth Bank of Australia), Thireindar Min (Commonwealth Bank of Australia), Callum Scott (Commonwealth Bank of Australia), Anna Leontjeva (Commonwealth Bank of Australia)",10.1145/3523227.3547388,https://doi.org/10.1145/3523227.3547388,,,
178,2022,Industry,,An Incremental Learning framework for large-scale CTR prediction,"Petros Katsileros (Deeplab), Nikiforos Mandilaras (Deeplab), Dimitrios Mallis (Deeplab), Vassilis Pitsikalis (Deeplab), Stavros Theodorakis (DeepLab), Gil Chamiel (Taboola)",10.1145/3523227.3547390,https://doi.org/10.1145/3523227.3547390,,,
179,2022,Industry,,Augmenting Netflix Search with In-Session Adapted Recommendations,"Moumita Bhattacharya (Netflix Research), Sudarshan Dnyaneshwar Lamkhede (Netflix)",10.1145/3523227.3547407,https://doi.org/10.1145/3523227.3547407,,,
180,2022,Industry,,Automate Page Template Optimization: An Offline Deep Q-Learning Approach,Zhou Qin (Amazon) and Wenyang Liu (Amazon),10.1145/3523227.3547400,https://doi.org/10.1145/3523227.3547400,,,
181,2022,Industry,,Challenges in Translating Research to Practice for Evaluating Fairness and Bias in Recommendation Systems,"Lex Beattie (Spotify), Henriette Cramer (Spotify), Dan Taber (Spotify)",10.1145/3523227.3547403,https://doi.org/10.1145/3523227.3547403,,,
182,2022,Industry,,Client Time Series Model: a Multi-Target Recommender System based on Temporally-Masked Encoders,Dirk Sierag (Stitch Fix) and Kevin Zielnicki (Stitch Fix),10.1145/3523227.3547397,https://doi.org/10.1145/3523227.3547397,,,
183,2022,Industry,,Dynamic Surrogate Switching: Sample-Efficient Search for Factorization Machine Configurations in Online Recommendations,"blaz skrlj (Outbrain inc.), Adi Schwartz (Outbrain Inc.), Jure Ferlež (Outbrain inc.), Naama Ziporin (Outbrain inc.)",10.1145/3523227.3547384,https://doi.org/10.1145/3523227.3547384,,,
184,2022,Industry,,Estimating Long-term Effects from Experimental Data,"Ziyang Tang (Amazon), Yiheng Duan (Amazon), Steven Zhu (Gopuff), Stephanie Zhang (Amazon), Lihong Li (Amazon)",10.1145/3523227.3547398,https://doi.org/10.1145/3523227.3547398,,,
185,2022,Industry,,Evaluation Framework for Cold-Start Techniques in Large-Scale Production Settings,moran haham (Outbrain),10.1145/3523227.3547385,https://doi.org/10.1145/3523227.3547385,,,
186,2022,Industry,,Evolution of Walmart.com Sponsored Products – An ML System Overview,Stephen Guo (Walmart Global Tech) and Musen Wen (Walmart Global Tech),10.1145/3523227.3547402,https://doi.org/10.1145/3523227.3547402,,,
187,2022,Industry,,Exploration with Model Uncertainty at Extreme Scale in Real-Time Bidding,"Jan Hartman (Zemanta, an Outbrain company) and Davorin Kopič (Zemanta, an Outbrain company)",10.1145/3523227.3547383,https://doi.org/10.1145/3523227.3547383,,,
188,2022,Industry,,Flow Moods: Recommending Music by Moods on Deezer,"Théo Bontempelli (Deezer), Benjamin Chapus (Deezer), François Rigaud (Deezer), Mathieu Morlon (Deezer), Marin Lorant (Deezer), Guillaume Salha-Galvan (Deezer)",10.1145/3523227.3547378,https://doi.org/10.1145/3523227.3547378,,,
189,2022,Industry,,Imbalanced Data Sparsity as Source of Unfair Bias in Collaborative Filtering,"Aditya Joshi (SEEK), CHIN LIN WONG (SEEK), Diego Marinho de Oliveira (Seek), FARHAD ZAFARI (Seek), Fernando Mourão (SEEK), SABIR RIBAS (Seek), Saumya Pandey (SEEK)",10.1145/3523227.3547404,https://doi.org/10.1145/3523227.3547404,,,
190,2022,Industry,,Learning Users’ Preferred Visual Styles in an Image Marketplace,"Raul Gomez Bruballa (Shutterstock), Lauren Burnham-King (Shutterstock), Alessandra Sala (Shutterstock)",10.1145/3523227.3547382,https://doi.org/10.1145/3523227.3547382,,,
191,2022,Industry,,Matching Theory-based Recommendation in Online Dating,"Yoji Tomita (CyberAgent, Inc.), Riku Togashi (CyberAgent, Inc.), Daisuke Moriwaki (CyberAgent, Inc.)",10.1145/3523227.3547406,https://doi.org/10.1145/3523227.3547406,,,
192,2022,Industry,,Merlin HugeCTR: GPU-accelerated Recommender System Training and Inference,"Zehuan Wang (NVIDIA), Yingcan Wei (NVIDIA), Minseok Lee (NVIDIA), Matthias Langer (NVIDIA), Fan Yu (NVIDIA), Jie Liu (NVIDIA), Shijie Liu (NVIDIA), Daniel G. Abel (NVIDIA), Xu Guo (NVIDIA), Jianbing Dong (NVIDIA), Ji Shi (NVIDIA), kunlun li (NVIDIA)",10.1145/3523227.3547405,https://doi.org/10.1145/3523227.3547405,,,
193,2022,Industry,,Optimizing product recommendations for millions of merchants,"Kim Peiter Jorgensen (Shopify), Chen Karako (Shopify)",10.1145/3523227.3547393,https://doi.org/10.1145/3523227.3547393,,,
194,2022,Industry,,Personalizing Benefits Allocation Without Spending Money,Dmitri Goldenberg (Booking.com),10.1145/3523227.3547381,https://doi.org/10.1145/3523227.3547381,,,
195,2022,Industry,,Query Attribute Recommendation at Amazon Search,"Chen Luo (Amazon Search), William Headean (Amazon), Neela Avudaiappan (Amazon), Haoming Jiang (Amazon), Tianyu Cao (Amazon), Qingyu Yin (Amazon), Yifan Gao (Amazon), Zheng Li (Amazon), Rahul Goutam (Amazon), Haiyang Zhang (Amazon), Bing Yin (Amazon)",10.1145/3523227.3547395,https://doi.org/10.1145/3523227.3547395,,,
196,2022,Industry,,Recommendation Systems for Ad Creation: A View from the Trenches,Manisha Verma (Amazon) and Shaunak Mishra (Amazon),10.1145/3523227.3547401,https://doi.org/10.1145/3523227.3547401,,,
197,2022,Industry,,Recommendations: They’re in fashion,"Carlos Carvalheira (Farfetch), Tiago Lacerda (Farfetch), Diogo Gonçalves (Farfetch)",10.1145/3523227.3547389,https://doi.org/10.1145/3523227.3547389,,,
198,2022,Industry,,Recommending for a Multi-Sided Marketplace with Heterogeneous Contents,"Yuyan Wang (Google Research, Brain Team), Long Tao (Uber Tech. Inc), Xian Xing Zhang (Pinterest)",10.1145/3523227.3547379,https://doi.org/10.1145/3523227.3547379,,,
199,2022,Industry,,Rethinking Personalized Ranking at Pinterest: An End-to-End Approach,Jiajing Xu (Pinterest),10.1145/3523227.3547394,https://doi.org/10.1145/3523227.3547394,,,
200,2022,Industry,,Reusable Self-Attention Recommender Systems in Fashion Industry Applications,"Marjan Celikik (Zalando SE), Ana Peleteiro Ramallo (Zalando SE), Jacek Wasilewski (Zalando SE)",10.1145/3523227.3547377,https://doi.org/10.1145/3523227.3547377,,,
201,2022,Industry,,Taxonomic Recommendations of Real Estate Properties with Textual Attribute Information,Zachary Harrison (Zillow Group) and Anish Khazane (Zillow Group),10.1145/3523227.3547386,https://doi.org/10.1145/3523227.3547386,,,
202,2022,Industry,,Timely Personalization at Peloton: A System and Algorithm for Boosting Time-Relevant Content,"Shayak Banerjee (Peloton Interactive, Inc.), Vijay Pappu (Peloton Interactive, Inc.), Nilothpal Talukder (Peloton Interactive, Inc.), Shoya Yoshida (Peloton Interactive, Inc.), Arnab Bhadury (Peloton Interactive, Inc.), Allison Schloss (Peloton Interactive, Inc.), Jasmine Paulino (Peloton Interactive, Inc.)",10.1145/3523227.3547391,https://doi.org/10.1145/3523227.3547391,,,
203,2022,Industry,,TorchRec: a PyTorch domain library for recommendation systems,"Dmytro Ivchenko (Meta AI), Dennis Van Der Staay (Meta AI), Colin Taylor (Meta AI), Xing Liu (Meta AI), Will Feng (Meta AI), Rahul Kindi (Meta AI), Anirudh Sudarshan (Meta AI), Shahin Sefati (Meta AI)",10.1145/3523227.3547387,https://doi.org/10.1145/3523227.3547387,,,
204,2022,Industry,,Translating the Public Service Media Remit into Metrics and Algorithms,"Andreas Grün (ZDF), Xenija Neufeld (Accso – Accelerated Solutions GmbH)",10.1145/3523227.3547380,https://doi.org/10.1145/3523227.3547380,,,
205,2022,Industry,,Two-Layer Bandit Optimization for Recommendations,"Siyong Ma (Apple), Puja Das (Apple), Sofia Maria Nikolakaki (Apple), AARON CHEN (Apple), HUMEYRA TOPCU ALTINTAS (Apple)",10.1145/3523227.3547396,https://doi.org/10.1145/3523227.3547396,,,
206,2022,Industry,,Zillow: Volume Governing for Email and Push Messages,"Eric Paul Nichols (Zillow Group), Ruomeng Xu (Zillow Group), Balasubramanian Thiagarajan (Zillow Group), Shruti Kamath (Zillow Group)",10.1145/3523227.3547399,https://doi.org/10.1145/3523227.3547399,,,
207,2022,LBR,,Discovery Dynamics: Leveraging Repeated Exposure for User and Music Characterization,"Bruno Sguerra (Deezer), Viet-Anh Tran (Deezer), Romain Hennequin (Deezer)",10.1145/3523227.3551474,https://doi.org/10.1145/3523227.3551474,,,
208,2022,LBR,,Do recommender systems make social media more susceptible to misinformation spreaders?,"Antonela Tommasel (ISISTAN, CONICET-UNICEN), Filippo Menczer (Indiana University)",10.1145/3523227.3551473,https://doi.org/10.1145/3523227.3551473,,,
209,2022,LBR,,Exploring the Impact of Temporal Bias in Point-of-Interest Recommendation,"Hossein A. Rahmani (University College London), Mohammadmehdi Naghiaei (University of Southern California), Ali Tourani (University of Luxembourg), Yashar Deldjoo (Polytechnic University of Bari)",10.1145/3523227.3551481,https://doi.org/10.1145/3523227.3551481,,,
210,2022,LBR,,Knowledge-aware Recommendations Based on Neuro-Symbolic Graph Embeddings and First-Order Logical Rules,"Giuseppe Spillo (University of Bari), Cataldo Musto (University of Bari), Marco de Gemmis (University of Bari Aldo Moro), Pasquale Lops (University of Bari Aldo Moro), Giovanni Semeraro (University of Bari “Aldo Moro”)",10.1145/3523227.3551484,https://doi.org/10.1145/3523227.3551484,,,
211,2022,LBR,,M2TRec: Metadata-aware Multi-task Transformer for Large-scale and Cold-start free Session-based Recommendations,"Walid Shalaby (The Home Depot), Sejoon Oh (Georgia Institute of Technology), Amir Afsharinejad (The Home Depot), Xiquan Cui (The Home Depot), Srijan Kumar (Georgia Institute of Technology)",10.1145/3523227.3551477,https://doi.org/10.1145/3523227.3551477,,,
212,2022,LBR,,Measuring Commonality in Recommendation of Cultural Content: Recommender Systems to Enhance Cultural Citizenship,"Andres Ferraro (McGill University), Gustavo Ferreira (McGill University), Fernando Diaz (Google), Georgina E. M. Born (University College London)",10.1145/3523227.3551476,https://doi.org/10.1145/3523227.3551476,,,
213,2022,LBR,,Multiobjective Evaluation of Reinforcement Learning Based Recommender Systems,"Alexey Grishanov (Moscow Institute of Physics and Technology, Sber AI Lab), Anastasia Ianina (Moscow Institute of Physics and Technology), Konstantin Vorontsov (Moscow Institute of Physics and Technology)",10.1145/3523227.3551485,https://doi.org/10.1145/3523227.3551485,,,
214,2022,LBR,,Position Awareness Modeling with Knowledge Distillation for CTR Prediction,"Congcong Liu (JD.com), Yuejiang Li (JD.com), Jian Zhu (JD.com), Fei Teng (JD.com), Xiwei Zhao (Jd.com), Changping Peng (JD.com), Zhangang Lin (JD.com), Jingping Shao (JD.com)",10.1145/3523227.3551475,https://doi.org/10.1145/3523227.3551475,,,
215,2022,LBR,,Recommender Systems and Algorithmic Hate,"Jessie Smith (University of Colorado Boulder), Lucia Jayne (University of Colorado Boulder), Robin Burke (University of Colorado, Boulder)",10.1145/3523227.3551480,https://doi.org/10.1145/3523227.3551480,,,
216,2022,LBR,,Scalable Linear Shallow Autoencoder for Collaborative Filtering,"Vojtěch Vančura (Czech Technical University), Rodrigo Alves (Czech Technical University), Petr Kasalicky (Czech Technical University), Pavel Kordík (Czech Technical University)",10.1145/3523227.3551482,https://doi.org/10.1145/3523227.3551482,,,
217,2022,LBR,,The Effect of Feedback Granularity on Recommender Systems Performance,"Ladislav Peska (Charles University), Stepan Balcar (Charles University)",10.1145/3523227.3551479,https://doi.org/10.1145/3523227.3551479,,,
218,2022,LBR,,Towards Recommender Systems with Community Detection and Quantum Computing,"Riccardo Nembrini (Politecnico di Milano), Costantino Carugno (Politecnico di Milano), Maurizio Ferrari Dacrema (Politecnico di Milano), Paolo Cremonesi (Politecnico di Milano)",10.1145/3523227.3551478,https://doi.org/10.1145/3523227.3551478,,,
219,2022,LBR,,Towards the Evaluation of Recommender Systems with Impressions,"Fernando Benjamin Perez Maurera (Politecnico di Milano), Maurizio Ferrari Dacrema (Politecnico di Milano), Paolo Cremonesi (Politecnico di Milano)",10.1145/3523227.3551483,https://doi.org/10.1145/3523227.3551483,,,
220,2022,Demos,,Building and Deploying a Multi-Stage Recommender System with Merlin,"Karl Higley (NVIDIA), Even Oldridge (NVIDIA), Ronay Ak (NVIDIA), Sara Rabhi (NVIDIA), Gabriel de Souza Pereira Moreira (NVIDIA)",10.1145/3523227.3551468,https://doi.org/10.1145/3523227.3551468,,,
221,2022,Demos,,DAGFiNN: A Conversational Conference Assistant,"Ivica Kostric (University of Stavanger), Krisztian Balog (University of Stavanger), Tølløv Alexander Sveen Aresvik (University of Stavanger), Nolwenn Bernard (University of Stavanger), Eyvinn Thu Dørheim (University of Stavanger), Pholit Hantula (University of Stavanger), Sander Havn-Sørensen (University of Stavanger), Rune Henriksen (University of Stavanger), Hengameh Hosseini (University of Stavanger), Ekaterina Khlybova (University of Stavanger), Weronika Lajewska (University of Stavanger), Sindre Ekrheim Mosand (University of Stavanger), Narmin Orujova (University of Stavanger)",10.1145/3523227.3551467,https://doi.org/10.1145/3523227.3551467,,,
222,2022,Demos,,HELPeR: An Interactive Recommender System for Ovarian Cancer Patients and Their Caregivers,"Behnam Rahdari (University of Pittsburgh), Peter Brusilovsky (University of Pittsburgh), Daqing He (University of Pittsburgh), Khushboo Maulikmihir Thaker (University of Pittsburgh), Zhimeng Luo (University of pittsburgh), Young Ji Lee (University of Pittsburgh)",10.1145/3523227.3551471,https://doi.org/10.1145/3523227.3551471,,,
223,2022,Demos,,RecPack: An(other) Experimentation Toolkit for Top-N Recommendation using Implicit Feedback Data,"Lien Michiels (Froomle), Robin Verachtert (Froomle), Bart Goethals (University of Antwerp)",10.1145/3523227.3551472,https://doi.org/10.1145/3523227.3551472,,,
224,2022,Demos,,RepSys: Framework for Interactive Evaluation of Recommender Systems,"Jan Šafařík (Czech Technical University), Vojtěch Vančura (Czech Technical University), Pavel Kordík (Czech Technical University)",10.1145/3523227.3551469,https://doi.org/10.1145/3523227.3551469,,,
225,2022,Demos,,Who do you think I am? Interactive User Modelling with Item Metadata,"Joey De Pauw (University of Antwerp), Koen Ruymbeek (University of Antwerp), Bart Goethals (University of Antwerp)",10.1145/3523227.3551470,https://doi.org/10.1145/3523227.3551470,,,
226,2022,Doctoral,,An Interpretable Neural Network Model for Bundle Recommendations,"Xinyi Li (Northwestern University), Edward C. Malthouse (Northwestern University)",10.1145/3523227.3547423,https://doi.org/10.1145/3523227.3547423,,,
227,2022,Doctoral,,Designing and evaluating explainable AI for non-AI experts: challenges and opportunities,"Maxwell Szymanski (KU Leuven), Katrien Verbert (KU Leuven), Vero Vanden Abeele (KU Leuven)",10.1145/3523227.3547427,https://doi.org/10.1145/3523227.3547427,,,
228,2022,Doctoral,,Developing a Human-Centered Framework for Transparency in Fairness-Aware Recommender Systems,Jessie J. Smith (University of Colorado Boulder),10.1145/3523227.3547428,https://doi.org/10.1145/3523227.3547428,,,
229,2022,Doctoral,,Enhancing Counterfactual Evaluation and Learning for Recommendation Systems,Nicolò Felicioni (Politecnico di Milano),10.1145/3523227.3547429,https://doi.org/10.1145/3523227.3547429,,,
230,2022,Doctoral,,Fair Ranking Metrics,Amifa Raj (Boise State University),10.1145/3523227.3547430,https://doi.org/10.1145/3523227.3547430,,,
231,2022,Doctoral,,Heterogeneous Graph Representation Learning for multi-target Cross-Domain Recommendation,"Tendai Mukande (Dublin City University,SFI Centre for Research Training in Machine Learning)",10.1145/3523227.3547426,https://doi.org/10.1145/3523227.3547426,,,
232,2022,Doctoral,,KA-Recsys: Knowledge Appropriate Patient Focused Recommendation Technologies,Khushboo Thaker (University of Pittsburgh),10.1145/3523227.3547422,https://doi.org/10.1145/3523227.3547422,,,
233,2022,Doctoral,,Long-term fairness for Group Recommender Systems with Large Groups,Patrik Dokoupil (Charles University),10.1145/3523227.3547424,https://doi.org/10.1145/3523227.3547424,,,
234,2022,Doctoral,,Pursuing Optimal Trade-Off Solutions in Multi-Objective Recommender Systems,Vincenzo Paparella (Politecnico di Bari),10.1145/3523227.3547425,https://doi.org/10.1145/3523227.3547425,,,
235,2023,Long Papers,,A Lightweight Method for Modeling Confidence in Recommendations with Learned Beta Distributions,Norman Knyazev (Radboud University) and Harrie Oosterhuis (Radboud University),10.1145/3604915.3608788,https://doi.org/10.1145/3604915.3608788,,,
236,2023,Long Papers,,A Multi-view Graph Contrastive Learning Framework for Cross-Domain Sequential Recommendation,"Zitao Xu (Shenzhen University), Weike Pan (Shenzhen University) and Zhong Ming (Shenzhen University)",10.1145/3604915.3608785,https://doi.org/10.1145/3604915.3608785,,,
237,2023,Long Papers,,Adversarial Collaborative Filtering for Free,"Huiyuan Chen (Visa Research), Xiaoting Li (Visa Research), Vivian Lai (Visa Research), Chin-Chia Michael Yeh (Visa Research), Yujie Fan (Visa Research), Yan Zheng (Visa Research), Mahashweta Das (Visa Research) and Hao Yang (Visa Research)",10.1145/3604915.3608771,https://doi.org/10.1145/3604915.3608771,,,
238,2023,Long Papers,,Alleviating the Long-Tail Problem in Conversational Recommender Systems,"Zhipeng Zhao (Singapore Management University), Kun Zhou (School of Information, Renmin University of China), Xiaolei Wang (Gaoling School of Artificial Intelligence, Renmin University of China), Wayne Xin Zhao (Gaoling School of Artificial Intelligence, Renmin University of China), Fan Pan (Poisson Lab, Huawei), Zhao Cao (Poisson Lab, Huawei) and Ji-Rong Wen (Gaoling School of Artificial Intelligence, Renmin University of China)",10.1145/3604915.3608812,https://doi.org/10.1145/3604915.3608812,,,
239,2023,Long Papers,,Augmented Negative Sampling for Collaborative Filtering,"Yuhan Zhao (Harbin Engineering University), Rui Chen (Harbin Engineering University), Riwei Lai (Harbin Engineering University), Qilong Han (Harbin Engineering University), Hongtao Song (Harbin Engineering University) and Li Chen (Hong Kong Baptist University)",10.1145/3604915.3608811,https://doi.org/10.1145/3604915.3608811,,,
240,2023,Long Papers,,AutoOpt: Automatic Hyperparameter Scheduling and Optimization for Deep Click-through Rate Prediction,"Yujun Li (Noah’s Ark Lab), Xing Tang (Noah’s Ark Lab), Bo Chen (Noah’s Ark Lab), Yimin Huang (Noah’s Ark Lab), Ruiming Tang (Noah’s Ark Lab) and Zhenguo Li (Noah’s Ark Lab)",10.1145/3604915.3608800,https://doi.org/10.1145/3604915.3608800,,,
241,2023,Long Papers,,BVAE: Behavior-aware Variational Autoencoder for Multi-Behavior Multi-Task Recommendation,"Qianzhen Rao (Shenzhen University), Yang Liu (Shenzhen University), Weike Pan (Shenzhen University) and Zhong Ming (Shenzhen University)",10.1145/3604915.3608781,https://doi.org/10.1145/3604915.3608781,,,
242,2023,Long Papers,,Contrastive Learning with Frequency-Domain Interest Trends for Sequential Recommendation,"Yichi Zhang (Harbin Engineering University), Guisheng Yin (Harbin Engineering University) and Yuxin Dong (Harbin Engineering University)",10.1145/3604915.3608790,https://doi.org/10.1145/3604915.3608790,,,
243,2023,Long Papers,,Correcting for Interference in Experiments: A Case Study at Douyin,"Vivek Farias (MIT), Hao Li (Bytedance), Tianyi Peng (MIT), Xinyuyang Ren (Bytedance), Huawei Zhang (Bytedance) and Andrew Zheng (MIT)",10.1145/3604915.3608808,https://doi.org/10.1145/3604915.3608808,,,
244,2023,Long Papers,,Data-free Knowledge Distillation for Reusing Recommendation Models,"Cheng Wang (Huazhong University of Science and Technology), Jiacheng Sun (Huawei Noah’s Ark Lab), Zhenhua Dong (Huawei Noah’s Ark Lab), Jieming Zhu (Huawei Noah’s Ark Lab), Zhenguo Li (Huawei Noah’s Ark Lab), Ruixuan Li (Huazhong University of Science and Technology) and Rui Zhang (ruizhang.info)",10.1145/3604915.3608789,https://doi.org/10.1145/3604915.3608789,,,
245,2023,Long Papers,,Deep Situation-Aware Interaction Network for Click-Through Rate Prediction,"Yimin Lv (Institute of Software, Chinese Academy of Sciences), Shuli Wang (Meituan), Beihong Jin (Institute of Software, Chinese Academy of Sciences), Yisong Yu (Institute of Software, Chinese Academy of Sciences), Yapeng Zhang (Meituan), Jian Dong (Meituan), Yongkang Wang (Meituan), Xingxing Wang (Meituan) and Dong Wang (Meituan)",10.1145/3604915.3608793,https://doi.org/10.1145/3604915.3608793,,,
246,2023,Long Papers,,Disentangling Motives behind Item Consumption and Social Connection for Mutually-enhanced Joint Prediction,"Youchen Sun (Nanyang Technological University), Zhu Sun (A*STAR), Xiao Sha (Nanyang Technological University), Jie Zhang (Nanyang Technological University) and Yew Soon Ong (Nanyang Technological University)",10.1145/3604915.3608767,https://doi.org/10.1145/3604915.3608767,,,
247,2023,Long Papers,,Distribution-based Learnable Filters with Side Information for Sequential Recommendation,"Haibo Liu (School of Cyber Security and Computer, HeBei university), Zhixiang Deng (School of Cyber Security and Computer, HeBei university), Liang Wang (School of Cyber Security and Computer, HeBei university), Jinjia Peng (School of Cyber Security and Computer, HeBei university) and Shi Feng (School of Computer Science & Engineering, Northeastern University)",10.1145/3604915.3608782,https://doi.org/10.1145/3604915.3608782,,,
248,2023,Long Papers,,Domain Disentanglement with Interpolative Data Augmentation for Dual-Target Cross-Domain Recommendation,"Jiajie Zhu (Macquarie University), Yan Wang (Macquarie University), Feng Zhu (Ant Group) and Zhu Sun (Macquarie University)",10.1145/3604915.3608802,https://doi.org/10.1145/3604915.3608802,,,
249,2023,Long Papers,,DREAM: Decoupled Representation via Extraction Attention Module and Supervised Contrastive Learning for Cross-Domain Sequential Recommender,"Xiaoxin Ye (School of Computer Science and Engineering, UNSW), Yun Li (School of Computer Science and Engineering, UNSW) and Lina Yao (CSIRO Data61, School of Computer Science and Engineering UNSW)",10.1145/3604915.3608780,https://doi.org/10.1145/3604915.3608780,,,
250,2023,Long Papers,,Equivariant Contrastive Learning for Sequential Recommendation,"Peilin Zhou (HKUST (Guangzhou)), Jingqi Gao (Upstage), Yueqi Xie (HKUST), Qichen Ye (Peking University), Yining Hua (Harvard Medical School), Jaeboum Kim (The University of Hong Kong Science and Technology, Upstage), Shoujin Wang (Data Science Institute, University of Technology Sydney) and Sunghun Kim (The University of Hong Kong Science and Technology)",10.1145/3604915.3608786,https://doi.org/10.1145/3604915.3608786,,,
251,2023,Long Papers,,Exploring False Hard Negative Sample in Cross-Domain Recommendation,"Haokai Ma (Shandong University), Ruobing Xie (WeChat, Tencent), Lei Meng (School of software, Shandong University), Xin Chen (tencent), Xu Zhang (WeChat Search Application Department, Tencent Inc.), Leyu Lin (WeChat Search Application Department, Tencent) and Jie Zhou (Wechat, Tencent)",10.1145/3604915.3608791,https://doi.org/10.1145/3604915.3608791,,,
252,2023,Long Papers,,Fast and Examination-agnostic Reciprocal Recommendation in Matching Markets,"Yoji Tomita (CyberAgent, Inc.), Riku Togashi (CyberAgent, Inc.), Yuriko Hashizume (CyberAgent, Inc.) and Naoto Ohsaka (CyberAgent, Inc.)",10.1145/3604915.3608774,https://doi.org/10.1145/3604915.3608774,,,
253,2023,Long Papers,,Full Index Deep Retrieval: End-to-End User and Item Structures for Cold-start and Long-tail Item Recommendation,"Zhen Gong (Shanghai Jiao Tong University), Xin Wu (Bytedance Inc.), Lei Chen (Bytedance Inc.), Zhenzhe Zheng (Shanghai Jiao Tong University), Shengjie Wang (Bytedance Inc.), Anran Xu (Shanghai Jiao Tong University), Chong Wang (Bytedance Inc.) and Fan Wu (Shanghai Jiao Tong University)",10.1145/3604915.3608773,https://doi.org/10.1145/3604915.3608773,,,
254,2023,Long Papers,,Generative Learning Plan Recommendation for Employees: A Performance-aware Reinforcement Learning Approach,"Zhi Zheng (University of Science and Technology of China), Ying Sun (The Hong Kong University of Science and Technology (Guangzhou)), Xin Song (Baidu), Hengshu Zhu (BOSS Zhipin) and Hui Xiong (The Hong Kong University of Science and Technology (Guangzhou))",10.1145/3604915.3608795,https://doi.org/10.1145/3604915.3608795,,,
255,2023,Long Papers,,Goal-Oriented Multi-Modal Interactive Recommendation with Verbal and Non-Verbal Relevance Feedback,"Yaxiong Wu (University of Glasgow), Craig Macdonald (University of Glasgow) and Iadh Ounis (University of Glasgow)",10.1145/3604915.3608775,https://doi.org/10.1145/3604915.3608775,,,
256,2023,Long Papers,,Going Beyond Local: Global Graph-Enhanced Personalized News Recommendations,"Boming Yang (The University of Tokyo), Dairui Liu (University College Dublin), Toyotaro Suzumura (The University of Tokyo), Ruihai Dong (University College Dublin) and Irene Li (The University of Tokyo)",10.1145/3604915.3608801,https://doi.org/10.1145/3604915.3608801,,,
257,2023,Long Papers,,Gradient Matching for Categorical Data Distillation in CTR Prediction,"Cheng Wang (School of Cyber Science and Engineering,Huazhong University of Science and Technology, Wuhan), Jiacheng Sun (Huawei Noah’s Ark Lab), Zhenhua Dong (Huawei Noah’s Ark Lab), Ruixuan Li (School of Computer Science and Technology,Huazhong University of Science and Technology, Wuhan) and Rui Zhang (ruizhang.info)",10.1145/3604915.3608769,https://doi.org/10.1145/3604915.3608769,,,
258,2023,Long Papers,,gSASRec: Reducing Overconfidence in Sequential Recommendation Trained with Negative Sampling,Aleksandr V. Petrov (University of Glasgow) and Craig Macdonald (University of Glasgow),10.1145/3604915.3608783,https://doi.org/10.1145/3604915.3608783,,,
259,2023,Long Papers,,How Should We Measure Filter Bubbles? A Regression Model and Evidence for Online News,"Lien Michiels (UAntwerpen), Jorre Vannieuwenhuyze (Statistiek Vlaanderen), Jens Leysen (University of Antwerp), Robin Verachtert (Froomle NV), Annelien Smets (imec-SMIT, Vrije Universiteit Brussel) and Bart Goethals (University of Antwerp)",10.1145/3604915.3608805,https://doi.org/10.1145/3604915.3608805,,,
260,2023,Long Papers,,Incentivizing Exploration in Linear Contextual Bandits under Information Gap,"Huazheng Wang (Oregon State University), Haifeng Xu (University of Chicago), Chuanhao Li (University of Virginia), Zhiyuan Liu (University of colorado,boulder) and Hongning Wang (University of Virginia)",10.1145/3604915.3608794,https://doi.org/10.1145/3604915.3608794,,,
261,2023,Long Papers,,InTune: Reinforcement Learning-based Data Pipeline Optimization for Deep Recommendation Models,"Kabir Nagrecha (University of California, San Diego), Lingyi Liu (Netflix, Inc.), Pablo Delgado (Netflix, Inc.) and Prasanna Padmanabhan (Netflix, Inc.)",10.1145/3604915.3608778,https://doi.org/10.1145/3604915.3608778,,,
262,2023,Long Papers,,KGTORe: Tailored Recommendations through Knowledge-aware GNN Models,"Alberto Carlo Maria Mancino (Politecnico di Bari), Antonio Ferrara (Politecnico di Bari), Salvatore Bufi (Polytechnic University of Bari), Daniele Malitesta (Polytechnic University of Bari), Tommaso Di Noia (Polytechnic University of Bari) and Eugenio Di Sciascio (Polytechnic University of Bari)",10.1145/3604915.3608804,https://doi.org/10.1145/3604915.3608804,,,
263,2023,Long Papers,,Knowledge-based Multiple Adaptive Spaces Fusion for Recommendation,"Meng Yuan (Institute of Artificial Intelligence, Beihang University, Beijing 100191, China), Fuzhen Zhuang (Institute of Artificial Intelligence, Beihang University, Beijing 100191, China), Zhao Zhang (University of Chinese Academy of Sciences, Beijing 100191, China), Deqing Wang (School of Computer Science and Engineering, Beihang University, Beijing 100191, China) and Jin Dong (Beijing Academy of Blockchain and Edge Computing)",10.1145/3604915.3608787,https://doi.org/10.1145/3604915.3608787,,,
264,2023,Long Papers,,Masked and Swapped Sequence Modeling for Next Novel Basket Recommendation in Grocery Shopping,"Ming Li (University of Amsterdam), Mozhdeh Ariannezhad (University of Amsterdam), Andrew Yates (University of Amsterdam) and Maarten de Rijke (University of Amsterdam)",10.1145/3604915.3608803,https://doi.org/10.1145/3604915.3608803,,,
265,2023,Long Papers,,Multi-Relational Contrastive Learning for Recommendation,"Wei Wei (University of Hong Kong), Lianghao Xia (University of Hong Kong) and Chao Huang (University of Hong Kong)",10.1145/3604915.3608807,https://doi.org/10.1145/3604915.3608807,,,
266,2023,Long Papers,,Multi-task Item-attribute Graph Pre-training for Strict Cold-start Item Recommendation,"Yuwei Cao (University of Illinois at Chicago), Liangwei Yang (University of Illinois Chicago), Chen Wang (University of Illinois Chicago), Zhiwei Liu (Salesforce Inc.), Hao Peng (Beihang University), Chenyu You (Yale University) and Philip Yu (University of Illinois Chicago)",10.1145/3604915.3608806,https://doi.org/10.1145/3604915.3608806,,,
267,2023,Long Papers,,Online Matching: A Real-time Bandit System for Large-scale Recommendations,"Xinyang Yi (Google), Shao-Chuan Wang (Google), Ruining He (Google), Hariharan Chandrasekaran (Google), Charles Wu (Google), Lukasz Heldt (Google), Lichan Hong (Google), Minmin Chen (Google) and Ed Chi (Google)",10.1145/3604915.3608792,https://doi.org/10.1145/3604915.3608792,,,
268,2023,Long Papers,,Pairwise Intent Graph Embedding Learning for Context-Aware Recommendation,"Dugang Liu (Guangdong Laboratory of Artificial Intelligence and Digital Economy (SZ)), Yuhao Wu (Shenzhen University), Weixin Li (Shenzhen University), Xiaolian Zhang (Huawei 2012 Lab), Hao Wang (Huawei 2012 Lab), Qinjuan Yang (Huawei 2012 Lab) and Zhong Ming (College of Computer Science and Software Engineering, Shenzhen University)",10.1145/3604915.3608815,https://doi.org/10.1145/3604915.3608815,,,
269,2023,Long Papers,,Reciprocal Sequential Recommendation,"Bowen Zheng (Renmin University of China), Yupeng Hou (Renmin University of China), Wayne Xin Zhao (Renmin University of China), Yang Song (BOSS Zhipin) and Hengshu Zhu (BOSS Zhipin)",10.1145/3604915.3608798,https://doi.org/10.1145/3604915.3608798,,,
270,2023,Long Papers,,Rethinking Multi-Interest Learning for Candidate Matching in Recommender Systems,"Yueqi Xie (HKUST), Jingqi Gao (Upstage), Peilin Zhou (HKUST (gz)), Qichen Ye (Peking University), Yining Hua (Massachusetts Institute of Technology), Jae Boum Kim (Hong Kong University of Science and Technology), Fangzhao Wu (MSRA) and Sunghun Kim (Hong Kong University of Science and Technology)",10.1145/3604915.3608766,https://doi.org/10.1145/3604915.3608766,,,
271,2023,Long Papers,,SPARE: Shortest Path Global Item Relations for Efficient Session-based Recommendation,"Andreas Peintner (Universität Innsbruck), Amir Reza Mohammadi (Universität Innsbruck) and Eva Zangerle (Universität Innsbruck)",10.1145/3604915.3608768,https://doi.org/10.1145/3604915.3608768,,,
272,2023,Long Papers,,STAN: Stage-Adaptive Network for Multi-Task Recommendation by Learning User Lifecycle-Based Representation,"Wanda Li (Tsinghua University), Wenhao Zheng (Shopee Company), Xuanji Xiao (Shopee Company) and Suhang Wang (Penn State University)",10.1145/3604915.3608796,https://doi.org/10.1145/3604915.3608796,,,
273,2023,Long Papers,,STRec: Sparse Transformer for Sequential Recommendations,"Chengxi Li (City University of Hong Kong), Xiangyu Zhao (City University of Hong Kong), Yejing Wang (City University of Hong Kong), Qidong Liu (Xi’an Jiaotong University, City University of Hong Kong), Wanyu Wang (City University of Hong Kong), Yiqi Wang (Michigan State University), Lixin Zou (Wuhan University), Wenqi Fan (The Hong Kong Polytechnic University) and Qing Li (The Hong Kong Polytechnic University)",10.1145/3604915.3608779,https://doi.org/10.1145/3604915.3608779,,,
274,2023,Long Papers,,Task Aware Feature Extraction Framework for Sequential Dependence Multi-Task Learning,"Xuewen Tao (Mybank, Ant Group), Mingming Ha (School of Automation and Electrical Engineering, University of Science and Technology Bejing; Mybank, Ant Group), Qiongxu Ma (Mybank, Ant Group), Hongwei Cheng (Mybank, Ant Group), Wenfang Lin (Mybank, Ant Group) and Xiaobo Guo (Institute of Information Science, Beijing Jiaotong Univeristy; Mybank, Ant Group)",10.1145/3604915.3608772,https://doi.org/10.1145/3604915.3608772,,,
275,2023,Long Papers,,Towards Robust Fairness-aware Recommendation,"Hao Yang (Gaoling School of Artificial Intelligence, Renmin University of China, Beijing, China), Zhining Liu (Ant Group), Zeyu Zhang (Gaoling School of Artificial Intelligence, Renmin University of China, Beijing, China), Chenyi Zhuang (Ant Group) and Xu Chen (Gaoling School of Artificial Intelligence, Renmin University of China, Beijing, China)",10.1145/3604915.3608784,https://doi.org/10.1145/3604915.3608784,,,
276,2023,Long Papers,,Trending Now: Modeling Trend Recommendations,"Hao Ding (AWS AI Labs), Branislav Kveton (AWS AI Labs), Yifei Ma (AWS AI Labs), Youngsuk Park (AWS AI Labs), Venkataramana Kini (AWS AI Labs), Yupeng Gu (AWS AI Labs), Ravi Divvela (AWS AI Labs), Fei Wang (AWS AI Labs), Anoop Deoras (AWS AI Labs) and Hao Wang (AWS AI Labs)",10.1145/3604915.3608810,https://doi.org/10.1145/3604915.3608810,,,
277,2023,Long Papers,,Two-sided Calibration for Quality-aware Responsible Recommendation,"Chenyang Wang (Tsinghua University), Yankai Liu (China Mobile Research), Yuanqing Yu (Tsinghua University), Weizhi Ma (Tsinghua University), Min Zhang (Tsinghua University), Yiqun Liu (Tsinghua University), Haitao Zeng (China Mobile Research), Junlan Feng (China Mobile Research) and Chao Deng (China Mobile Research)",10.1145/3604915.3608799,https://doi.org/10.1145/3604915.3608799,,,
278,2023,Long Papers,,Uncovering User Interest from Biased and Noised Watch Time in Video Recommendation,"Haiyuan Zhao (Renmin University of China), Lei Zhang (Renmin University of China), Jun Xu (Renmin University of China), Guohao Cai (Huawei Noah’s ark lab), Zhenhua Dong (Huawei Noah’s ark lab) and Ji-Rong Wen (Renmin University of China)",10.1145/3604915.3608797,https://doi.org/10.1145/3604915.3608797,,,
279,2023,Long Papers,,Understanding and Modeling Passive-Negative Feedback for Short-video Sequential Recommendation,"Yunzhu Pan (UESTC), Chen Gao (Tsinghua University), Yang Song (Kuaishou Inc.), Kun Gai (Unaffiliated), Depeng Jin (Department of Electronic Engineering, Tsinghua University) and Yong Li (Tsinghua University)",10.1145/3604915.3608814,https://doi.org/10.1145/3604915.3608814,,,
280,2023,Long Papers,,What We Evaluate When We Evaluate Recommender Systems: Understanding Recommender Systems’ Performance using Item Response Theory,"Yang Liu (University of Helsinki), Alan Medlar (University of Helsinki) and Dorota Glowacka (University of Helsinki)",10.1145/3604915.3608809,https://doi.org/10.1145/3604915.3608809,,,
281,2023,Long Papers,,When Fairness meets Bias: a Debiased Framework for Fairness aware Top-N Recommendation,"Jiakai Tang (Gaoling School of Artificial Intelligence, Renmin University of China), Shiqi Shen (Wechat, Tencent, Beijing), Zhipeng Wang (Wechat, Tencent, Beijing), Zhi Gong (Wechat, Tencent, Beijing), Jingsen Zhang (Gaoling School of Artificial Intelligence, Renmin University of China) and Xu Chen (Gaoling School of Artificial Intelligence, Renmin University of China)",10.1145/3604915.3608770,https://doi.org/10.1145/3604915.3608770,,,
282,2023,Short Papers,,A Probabilistic Position Bias Model for Short-Video Recommendation Feeds,Olivier Jeunen (ShareChat UK),10.1145/3604915.3608777,https://doi.org/10.1145/3604915.3608777,,,
283,2023,Short Papers,,Adaptive Collaborative Filtering with Personalized Time Decay Functions for Financial Product Recommendation,"Ashraf Ghiye (École Polytechnique), Baptiste Barreau (BNP Paribas CIB – Global Markets), Laurent Carlier (BNP Paribas CIB – Global Markets) and Michalis Vazirgiannis (École Polytechnique)",10.1145/3604915.3608832,https://doi.org/10.1145/3604915.3608832,,,
284,2023,Short Papers,,ADRNet: A Generalized Collaborative Filtering Framework Combining Clinical and Non-Clinical Data for Adverse Drug Reaction Prediction,"Haoxuan Li (Center for Data Science, Peking University), Taojun Hu (Peking University), Zetong Xiong (Zhongnan University of Economic and Law), Chunyuan Zheng (University of California, San Diego), Fuli Feng (University of Science and Technology of China), Xiangnan He (University of Science and Technology of China) and Xiao-Hua Zhou (Peking University)",10.1145/3604915.3608813,https://doi.org/10.1145/3604915.3608813,,,
285,2023,Short Papers,,Adversarial Sleeping Bandit Problems with Multiple Plays: Algorithm and Ranking Application,"Jianjun Yuan (Expedia Group), Wei Lee Woon (Expedia Group) and Ludovik Coba (Expedia Group)",10.1145/3604915.3608824,https://doi.org/10.1145/3604915.3608824,,,
286,2023,Short Papers,,Analysis Operations for Constraint-based Recommender Systems,"Sebastian Lubos (Institute of Software Technology – Graz University of Technology), Viet-Man Le (Graz University of Technology), Alexander Felfernig (TU Graz) and Thi Ngoc Trang Tran (Graz University of Technology)",10.1145/3604915.3608819,https://doi.org/10.1145/3604915.3608819,,,
287,2023,Short Papers,,Beyond the Sequence: Statistics-driven Pre-training for Stabilizing Sequential Recommendation Model,"Sirui Wang (Meituan Group), Peiguang Li (Meituan Group), Yunsen Xian (Meituan Group) and Hongzhi Zhang (Meituan Group)",10.1145/3604915.3608821,https://doi.org/10.1145/3604915.3608821,,,
288,2023,Short Papers,,Bootstrapped Personalized Popularity for Cold Start Recommender Systems,"Iason Chaimalas (University College London), Duncan Walker (British Broadcasting Corporation), Edoardo Gruppi (University College London), Ben Clark (British Broadcasting Corporation) and Laura Toni (University College London)",10.1145/3604915.3608820,https://doi.org/10.1145/3604915.3608820,,,
289,2023,Short Papers,,Co-occurrence Embedding Enhancement for Long-tail Problem in Multi-Interest Recommendation,"Yaokun Liu (Tianjin University), Xiaowang Zhang (Tianjin University), Minghui Zou (Tianjin University) and Zhiyong Feng (Tianjin University)",10.1145/3604915.3608835,https://doi.org/10.1145/3604915.3608835,,,
290,2023,Short Papers,,Collaborative filtering algorithms are prone to mainstream-taste bias,Pantelis Analytis (University of Southern Denmark) and Philipp Hager (University of Amsterdam),10.1145/3604915.3608825,https://doi.org/10.1145/3604915.3608825,,,
291,2023,Short Papers,,CR-SoRec: BERT driven Consistency Regularization for Social Recommendation,"Tushar Prakash (Sony Research India), Raksha Jalan (Sony Research india), Brijraj Singh (Sony Research india) and Naoyuki Onoe (Sony)",10.1145/3604915.3608844,https://doi.org/10.1145/3604915.3608844,,,
292,2023,Short Papers,,Deep Exploration for Recommendation Systems,"Zheqing Zhu (Meta AI, Stanford University) and Benjamin Van Roy (Stanford University)",10.1145/3604915.3608855,https://doi.org/10.1145/3604915.3608855,,,
293,2023,Short Papers,,Deliberative Diversity for News Recommendations: Operationalization and Experimental User Study,"Lucien Heitz (University of Zurich), Juliane A. Lischka (University of Hamburg), Rana Abdullah (University of Hamburg), Laura Laugwitz (University of Hamburg), Hendrik Meyer (University of Hamburg) and Abraham Bernstein (University of Zurich)",10.1145/3604915.3608834,https://doi.org/10.1145/3604915.3608834,,,
294,2023,Short Papers,,Enhancing Transformers without Self-supervised Learning: A Loss Landscape Perspective in Sequential Recommendation,"Vivian Lai (Visa Research), Huiyuan Chen (Visa Research), Chin-Chia Michael Yeh (Visa Research), Minghua Xu (Visa Research), Yiwei Cai (Visa Research) and Hao Yang (Visa Research)",10.1145/3604915.3608831,https://doi.org/10.1145/3604915.3608831,,,
295,2023,Short Papers,,Ex2Vec: Characterizing Users and Items from the Mere Exposure Effect,Bruno Sguerra (Deezer Research) and Romain Hennequin (Deezer Research),10.1145/3604915.3608856,https://doi.org/10.1145/3604915.3608856,,,
296,2023,Short Papers,,Extended conversion: Capturing successful interactions in voice shopping,"Elad Haramaty (Amazon), Zohar Karnin (Amazon), Arnon Lazerson (Amazon), Liane Lewin-Eytan (Amazon Research) and Yoelle Maarek (Amazon)",10.1145/3604915.3608836,https://doi.org/10.1145/3604915.3608836,,,
297,2023,Short Papers,,Generative Next-Basket Recommendation,"Wenqi Sun (Renmin University of China), Ruobing Xie (WeChat, Tencent), Junjie Zhang (Renmin University of China), Wayne Xin Zhao (Renmin University of China), Leyu Lin (WeChat Search Application Department, Tencent) and Ji-Rong Wen (Renmin University of China)",10.1145/3604915.3608823,https://doi.org/10.1145/3604915.3608823,,,
298,2023,Short Papers,,Group Fairness for Content Creators: the Role of Human and Algorithmic Biases under Popularity-based Recommendations,"Stefania Ionescu (University of Zurich), Aniko Hannak (University of Zurich) and Nicolo Pagan (UZH)",10.1145/3604915.3608841,https://doi.org/10.1145/3604915.3608841,,,
299,2023,Short Papers,,Hessian-aware Quantized Node Embeddings for Recommendation,"Huiyuan Chen (Visa Research), Kaixiong Zhou (Rice University), Kwei-Herng Lai (Rice University), Chin-Chia Michael Yeh (Visa Research), Yan Zheng (Visa Research), Xia Hu (Rice University) and Hao Yang (Visa Research)",10.1145/3604915.3608826,https://doi.org/10.1145/3604915.3608826,,,
300,2023,Short Papers,,Incorporating Time in Sequential Recommendation Models,"Mostafa Rahmani (Amazon), James Caverlee (Amazon) and Fei Wang (Amazon)",10.1145/3604915.3608830,https://doi.org/10.1145/3604915.3608830,,,
301,2023,Short Papers,,Initiative transfer in conversational recommender systems,Yuan Ma (University of Duisburg-Essen) and Jürgen Ziegler (University of Duisburg-Essen),10.1145/3604915.3608858,https://doi.org/10.1145/3604915.3608858,,,
302,2023,Short Papers,,Integrating the ACT-R Framework with Collaborative Filtering for Explainable Sequential Music Recommendation,"Marta Moscati (Johannes Kepler University Linz), Christian Wallmann (Johannes Kepler University Linz), Markus Reiter-Haas (Graz University of Technology), Dominik Kowald (Know-Center GmbH and Graz University of Technology), Elisabeth Lex (Graz University of Technology) and Markus Schedl (Johannes Kepler University Linz)",10.1145/3604915.3608838,https://doi.org/10.1145/3604915.3608838,,,
303,2023,Short Papers,,Interface Design to Mitigate Inflation in Recommender Systems,"Rana Shahout (Technion), Yehonatan Peisakhovsky (Technion), Sasha Stoikov (Cornell Tech) and Nikhil Garg (Cornell Tech)",10.1145/3604915.3608846,https://doi.org/10.1145/3604915.3608846,,,
304,2023,Short Papers,,Interpretable User Retention Modeling in Recommendation,"Rui Ding (Northeastern University), Ruobing Xie (WeChat, Tencent), Xiaobo Hao (WeChat, Tencent), Xiaochun Yang (Northeastern University), Kaikai Ge (WeChat, Tencent), Xu Zhang (WeChat, Tencent), Jie Zhou (WeChat, Tencent) and Leyu Lin (WeChat, Tencent)",10.1145/3604915.3608818,https://doi.org/10.1145/3604915.3608818,,,
305,2023,Short Papers,,Is ChatGPT Fair for Recommendation? Evaluating Fairness in Large Language Model Recommendation,"Jizhi Zhang (University of Science and Technology of China), Keqin Bao (University of Science and Technology of China), Yang Zhang (University of Science and Technology of China), Wenjie Wang (National University of Singapore), Fuli Feng (University of Science and Technology of China) and Xiangnan He (University of Science and Technology of China)",10.1145/3604915.3608860,https://doi.org/10.1145/3604915.3608860,,,
306,2023,Short Papers,,Large Language Model Augmented Narrative Driven Recommendations,"Sheshera Mysore (University of Massachusetts Amherst), Andrew Mccallum (University of Massachusetts) and Hamed Zamani (University of Massachusetts Amherst)",10.1145/3604915.3608829,https://doi.org/10.1145/3604915.3608829,,,
307,2023,Short Papers,,Large Language Models are Competitive Near Cold-start Recommenders for Language- and Item-based Preferences,"Scott Sanner (Google), Krisztian Balog (Google), Filip Radlinski (Google), Ben Wedin (Google) and Lucas Dixon (Google)",10.1145/3604915.3608845,https://doi.org/10.1145/3604915.3608845,,,
308,2023,Short Papers,,Looks Can Be Deceiving: Linking User-Item Interactions and User’s Propensity Towards Multi-Objective Recommendations,"Patrik Dokoupil (Department of Software Engineering, Charles University), Ladislav Peska (Faculty of Mathematics and Physics, Charles University, Prague, Czechia) and Ludovico Boratto (University of Cagliari)",10.1145/3604915.3608848,https://doi.org/10.1145/3604915.3608848,,,
309,2023,Short Papers,,M3REC: A Meta-based Multi-scenario Multi-task Recommendation Framework,"Zerong Lan (Dalian University of Technology), Yingyi Zhang (Dalian University of technology) and Xianneng Li (Dalian University of Technology)",10.1145/3604915.3608828,https://doi.org/10.1145/3604915.3608828,,,
310,2023,Short Papers,,Multiple Connectivity Views for Session-based Recommendation,"Yaming Yang (School of Artificial Intelligence, Peking University), Jieyu Zhang (University of Washington), Yujing Wang (School of Artificial Intelligence, Peking University), Zheng Miao (School of Artificial Intelligence, Peking University) and Yunhai Tong (Peking University)",10.1145/3604915.3608861,https://doi.org/10.1145/3604915.3608861,,,
311,2023,Short Papers,,Of Spiky SVDs and Music Recommendation,"Darius Afchar (Deezer Research), Romain Hennequin (Deezer Research) and Vincent Guigue (AgroParisTech)",10.1145/3604915.3608850,https://doi.org/10.1145/3604915.3608850,,,
312,2023,Short Papers,,On the Consistency of Average Embeddings for Item Recommendation,"Walid Bendada (Deezer Research & LAMSADE, Université Paris Dauphine – PSL), Guillaume Salha-Galvan (Deezer Research), Romain Hennequin (Deezer Research), Thomas Bouabça (Deezer Research) and Tristan Cazenave (LAMSADE Université Paris Dauphine PSL – CNRS)",10.1145/3604915.3608837,https://doi.org/10.1145/3604915.3608837,,,
313,2023,Short Papers,,Optimizing Long-term Value for Auction-Based Recommender Systems via On-Policy Reinforcement Learning,"Ruiyang Xu (Meta AI), Jalaj Bhandari (Meta AI), Dmytro Korenkevych (Meta AI), Fan Liu (Meta), Yuchen He (Meta), Alex Nikulkov (Meta AI) and Zheqing Zhu (Meta AI)",10.1145/3604915.3608854,https://doi.org/10.1145/3604915.3608854,,,
314,2023,Short Papers,,Personalized Category Frequency prediction for Buy It Again recommendations,"Amit Pande (Target), Kunal Ghosh (Target) and Rankyung Park (Target)",10.1145/3604915.3608822,https://doi.org/10.1145/3604915.3608822,,,
315,2023,Short Papers,,Private Matrix Factorization with Public Item Features,"Mihaela Curmei (University of California, Berkeley), Walid Krichene (Google Research) and Li Zhang (Google Research)",10.1145/3604915.3608833,https://doi.org/10.1145/3604915.3608833,,,
316,2023,Short Papers,,Progressive Horizon Learning: Adaptive Long Term Optimization for Personalized Recommendation,"Congrui Yi (Amazon), David Zumwalt (Amazon), Zijian Ni (Amazon) and Shreya Chakrabarti (Amazon)",10.1145/3604915.3608852,https://doi.org/10.1145/3604915.3608852,,,
317,2023,Short Papers,,Providing Previously Unseen Users Fair Recommendations Using Variational Autoencoders,"Bjørnar Vassøy (Norwegian University of Science and Technology (NTNU)), Helge Langseth (Norwegian University of Science and Technology (NTNU)) and Benjamin Kille (Norwegian University of Science and Technology (NTNU))",10.1145/3604915.3608842,https://doi.org/10.1145/3604915.3608842,,,
318,2023,Short Papers,,ReCon: Reducing Congestion in Job Recommendation using Optimal Transport,"Yoosof Mashayekhi (Ghent University), Bo Kang (Ghent University), Jefrey Lijffijt (Ghent University) and Tijl de Bie (Ghent University)",10.1145/3604915.3608817,https://doi.org/10.1145/3604915.3608817,,,
319,2023,Short Papers,,Scalable Approximate NonSymmetric Autoencoder for Collaborative Filtering,"Martin Spišák (GLAMI.cz and Faculty of Mathematics and Physics, Charles University, Prague, Czechia), Radek Bartyzal (GLAMI.cz), Antonín Hoskovec (GLAMI.cz and Faculty of Nuclear Sciences and Physical Engineering, Czech Technical University in Prague, Czechia), Ladislav Peška (Faculty of Mathematics and Physics, Charles University, Prague, Czechia) and Miroslav Tůma (Faculty of Mathematics and Physics, Charles University, Prague, Czechia)",10.1145/3604915.3608827,https://doi.org/10.1145/3604915.3608827,,,
320,2023,Short Papers,,Scalable Deep Q-Learning for Session-Based Slate Recommendation,"Aayush Singha Roy (Insight Centre for Data Analytics, University College Dublin), Edoardo D’Amico (Insight Centre for Data Analytics, University College Dublin), Elias Tragos (Insight Centre for Data Analytics, University College Dublin), Aonghus Lawlor (Insight Centre for Data Analytics, University College Dublin) and Neil Hurley (Insight Centre for Data Analytics, University College Dublin)",10.1145/3604915.3608843,https://doi.org/10.1145/3604915.3608843,,,
321,2023,Short Papers,,Stability of Explainable Recommendation,"Sairamvinay Vijayaraghavan (Department of Computer Science, University of California, Davis) and Prasant Mohapatra (Department of Computer Science, University of California, Davis)",10.1145/3604915.3608853,https://doi.org/10.1145/3604915.3608853,,,
322,2023,Short Papers,,TALLRec: An Effective and Efficient Tuning Framework to Align Large Language Model with Recommendation,"Keqin Bao (University of Science and Technology in China), Jizhi Zhang (University of Science and Technology in China), Yang Zhang (University of Science and Technology of China), Wenjie Wang (National University of Singapore), Fuli Feng (University of Science and Technology in China) and Xiangnan He (University of Science and Technology of China)",10.1145/3604915.3608857,https://doi.org/10.1145/3604915.3608857,,,
323,2023,Short Papers,,Ti-DC-GNN: Incorporating Time-Interval Dual Graphs for Recommender Systems,"Nikita Severin (HSE University), Andrey Savchenko (Sber AI Lab), Dmitrii Kiselev (Artificial Intelligence Research Institute (AIRI)), Maria Ivanova (Sber AI Lab), Ivan Kireev (Sber AI Lab) and Ilya Makarov (Artificial Intelligence Research Institute (AIRI))",10.1145/3604915.3608849,https://doi.org/10.1145/3604915.3608849,,,
324,2023,Short Papers,,Time-Aware Item Weighting for the Next Basket Recommendations,"Aleksey Romanov (National Research University Higher School of Economics), Oleg Lashinin (Tinkoff), Marina Ananyeva (National Research University Higher School of Economics) and Sergey Kolesnikov (Tinkoff.AI)",10.1145/3604915.3608859,https://doi.org/10.1145/3604915.3608859,,,
325,2023,Short Papers,,Topic-Level Bayesian Surprise and Serendipity for Recommender Systems,Tonmoy Hasan (UNC Charlotte) and Razvan Bunescu (UNC Charlotte),10.1145/3604915.3608851,https://doi.org/10.1145/3604915.3608851,,,
326,2023,Short Papers,,Towards Self-Explaining Sequence-Aware Recommendation,"Alejandro Ariza-Casabona (University of Barcelona), Maria Salamo (Universitat de Barcelona), Ludovico Boratto (University of Cagliari) and Gianni Fenu (University of Cagliari)",10.1145/3604915.3608847,https://doi.org/10.1145/3604915.3608847,,,
327,2023,Short Papers,,Towards Sustainability-aware Recommender Systems: Analyzing the Trade-off Between Algorithms Performance and Carbon Footprint,"Giuseppe Spillo (University of Bari), Allegra De Filippo (University of Bologna), Cataldo Musto (Dipartimento di Informatica – University of Bari), Michela Milano (University of Bologna) and Giovanni Semeraro (University of Bari)",10.1145/3604915.3608840,https://doi.org/10.1145/3604915.3608840,,,
328,2023,Short Papers,,Using Learnable Physics for Real-Time Exercise Form Recommendations,"Abhishek Jaiswal (Indian Institute of Technology Kanpur), Gautam Chauhan (Indian Institute of Technology Kanpur) and Nisheeth Srivastava (Indian Institute of Technology Kanpur)",10.1145/3604915.3608816,https://doi.org/10.1145/3604915.3608816,,,
329,2023,Short Papers,,Widespread flaws in offline evaluation of recommender systems,"Balázs Hidasi (Gravity R&D, a Taboola company) and Ádám Tibor Czapp (Gravity R&D, a Taboola company)",10.1145/3604915.3608839,https://doi.org/10.1145/3604915.3608839,,,
330,2023,Reproducibility,,Challenging the Myth of Graph Collaborative Filtering: a Reasoned and Reproducibility-driven Analysis,"ito Walter Anelli (Politecnico di Bari), Daniele Malitesta (Polytechnic University of Bari), Claudio Pomo (Politecnico di Bari), Alejandro Bellogin (Universidad Autonoma de Madrid), Eugenio Di Sciascio (Politecnico di Bari) and Tommaso Di Noia (Politecnico di Bari)",10.1145/3604915.3609489,https://doi.org/10.1145/3604915.3609489,,,
331,2023,Reproducibility,,Everyone’s a Winner! On Hyperparameter Tuning of Recommendation Models,Faisal Shehzad (University of Klagenfurt) and Dietmar Jannach (University of Klagenfurt),10.1145/3604915.3609488,https://doi.org/10.1145/3604915.3609488,,,
332,2023,Reproducibility,,"HUMMUS: A Linked, Healthiness-Aware, User-centered and Argument-Enabling Recipe Data Set for Recommendation","Felix Bölz (INSA Lyon & University of Passau), Diana Nurbakova (INSA Lyon), Sylvie Calabretto (INSA Lyon), Armin Gerl (University of Passau), Lionel Brunie (INSA Lyon) and Harald Kosch (University of Passau)",10.1145/3604915.3609491,https://doi.org/10.1145/3604915.3609491,,,
333,2023,Reproducibility,,RecAD: Towards A Unified Library for Recommender Attack and Defense,"Changsheng Wang (University of Science and Technology of China), Jianbai Ye (University of Science and Technology of China), Wenjie Wang (National University of Singapore), Chongming Gao (University of Science and Technology of China), Fuli Feng (University of Science and Technology of China) and Xiangnan He (University of Science and Technology of China)",10.1145/3604915.3609490,https://doi.org/10.1145/3604915.3609490,,,
334,2023,Reproducibility,,"Reproducibility Analysis of Recommender Systems relying on Visual Features: traps, pitfalls, and countermeasures","Pasquale Lops (University of Bari), Elio Musacchio (Università degli Studi di Bari Aldo Moro), Cataldo Musto (Dipartimento di Informatica – University of Bari), Marco Polignano (Università degli Studi di Bari Aldo Moro), Antonio Silletti (Dipartimento di Informatica – University of Bari) and Giovanni Semeraro (Dipartimento di Informatica – University of Bari)",10.1145/3604915.3609492,https://doi.org/10.1145/3604915.3609492,,,
335,2023,Reproducibility,,Reproducibility of Multi-Objective Reinforcement Learning Recommendation: Interplay between Effectiveness and Beyond-Accuracy Perspectives,"Vincenzo Paparella (Politecnico di Bari), Vito Walter Anelli (Politecnico di Bari), Ludovico Boratto (University of Cagliari) and Tommaso Di Noia (Politecnico di Bari)",10.1145/3604915.3609493,https://doi.org/10.1145/3604915.3609493,,,
336,2023,Reproducibility,,The effect of third party implementations on reproducibility,"Balázs Hidasi (Gravity R&D, a Taboola company) and Ádám Tibor Czapp (Gravity R&D, a Taboola company). The effect of third party implementations on reproducibility",10.1145/3604915.3609487,https://doi.org/10.1145/3604915.3609487,,,
337,2023,Industry,,Accelerating Creator Audience Building through Centralized Exploration,"Buket Baran (Spotify), Guilherme Dinis Junior (Spotify), Antonina Danylenko (Spotify), Olayinka S. Folorunso (Spotify), Gösta Forsum (Spotify), Maksym Lefarov (Spotify), Lucas Maystre (Spotify) and Yu Zhao (Spotify)",10.1145/3604915.3608880,https://doi.org/10.1145/3604915.3608880,,,
338,2023,Industry,,AdaptEx: a self-service contextual bandit platform,"William Black (Expedia Group), Ercument Ilhan (Expedia Group), Andrea Marchini (Expedia Group) and Vilda Markeviciute (Expedia Group)",10.1145/3604915.3608870,https://doi.org/10.1145/3604915.3608870,,,
339,2023,Industry,,An Industrial Framework for Personalized Serendipitous Recommendation in E-commerce,"Zongyi Wang (jd.com), Yanyan Zou (JD.com), Anyu Dai (jd.com), Linfang Hou (jd.com), Nan Qiao (jd.com), Luobao Zou (jd.com), Mian Ma (JD.com), Zhuoye Ding (JD.com) and Sulong Xu (JD)",10.1145/3604915.3610234,https://doi.org/10.1145/3604915.3610234,,,
340,2023,Industry,,Beyond Labels: Leveraging Deep Learning and LLMs for Content Metadata,"Saurabh Agrawal (Tubi), John Trenkle (Tubi) and Jaya Kawale (Tubi)",10.1145/3604915.3608883,https://doi.org/10.1145/3604915.3608883,,,
341,2023,Industry,,Contextual Multi-Armed Bandit for Email Layout Recommendation,"Yan Chen (Wayfair), Emilian Vankov (Wayfair), Linas Baltrunas (Netflix), Preston Donovan (Wayfair), Akash Mehta (Wayfair) and Benjamin Schroeder (Wayfair)",10.1145/3604915.3608878,https://doi.org/10.1145/3604915.3608878,,,
342,2023,Industry,,Creating the next generation of news experience on ekstrabladet.dk with recommender systems,"Johannes Kruse (DTU Compute & Ekstra Bladet), Kasper Lindskow (Ekstra Bladet), Michael Riis Andersen (DTU Compute) and Jes Frellsen (DTU Compute)",10.1145/3604915.3610248,https://doi.org/10.1145/3604915.3610248,,,
343,2023,Industry,,Delivery Hero Recommendation Dataset: A Novel Dataset for Benchmarking Recommendation Algorithms,"Yernat Assylbekov (Delivery Hero), Raghav Bali (Delivery Hero), Luke Bovard (Delivery Hero) and Christian Klaue (Delivery Hero)",10.1145/3604915.3610242,https://doi.org/10.1145/3604915.3610242,,,
344,2023,Industry,,Efficient Data Representation Learning in Google-scale Systems,"Derek Cheng (Google DeepMind), Ruoxi Wang (Google DeepMind), Wang-Cheng Kang (Google DeepMind), Benjamin Coleman (Google DeepMind), Yin Zhang (Google DeepMind), Jianmo Ni (Google DeepMind), Jonathan Valverde (Google DeepMind), Lichan Hong (Google DeepMind) and Ed Chi (Google DeepMind)",10.1145/3604915.3608882,https://doi.org/10.1145/3604915.3608882,,,
345,2023,Industry,,From Research to Production: Towards Scalable and Sustainable Neural Recommendation Models on Commodity CPU Hardware,"Vihan Lakshman (ThirdAI), Anshumali Shrivastava (Rice University/ThirdAI), Tharun Medini (ThirdAI), Nicholas Meisburger (ThirdAI Corp), Joshua Engels (ThirdAI), David Torres Ramos (ThirdAI), Benito Geordie (ThirdAI), Pratik Pranav (ThirdAI), Shubh Gupta (ThirdAI), Yashwanth Adunukota (ThirdAI) and Siddharth Jain (ThirdAI)",10.1145/3604915.3610249,https://doi.org/10.1145/3604915.3610249,,,
346,2023,Industry,,Heterogeneous Knowledge Fusion: A Novel Approach for Personalized Recommendation via LLM,"Bin Yin (Meituan), Junjie Xie (Meituan), Yu Qin (Meituan), Zixiang Ding (Meituan), Zhichao Feng (Meituan), Xiang Li (Unaffiliated) and Wei Lin (Unaffiliated)",10.1145/3604915.3608874,https://doi.org/10.1145/3604915.3608874,,,
347,2023,Industry,,Identifying Controversial Pairs in Item-to-Item Recommendations,"Junyi Shen (Apple), Dayvid Rodrigues de Oliveira (Apple), Jin Cao (Apple), Brian Knott (Apple), Goodman Gu (Apple), Sindhu Vijaya Raghavan (Apple) and Rob Monarch (Apple)",10.1145/3604915.3608871,https://doi.org/10.1145/3604915.3608871,,,
348,2023,Industry,,Investigating the effects of incremental training on neural ranking models,"Benedikt Schifferer (NVIDIA), Wenzhe Shi (ShareChat), Gabriel de Souza Pereira Moreira (NVIDIA), Even Oldridge (NVIDIA), Chris Deotte (NVIDIA), Gilberto Titericz (NVIDIA), Kazuki Onodera (NVIDIA), Praveen Dhinwa (ShareChat), Vishal Agrawal (ShareChat) and Chris Green (ShareChat)",10.1145/3604915.3608872,https://doi.org/10.1145/3604915.3608872,,,
349,2023,Industry,,Learning From Negative User Feedback and Measuring Responsiveness for Sequential Recommenders,"Yueqi Wang (Google), Yoni Halpern (Google), Shuo Chang (Google), Jingchen Feng (Google), Elaine Ya Le (Google), Longfei Li (Google), Xujian Liang (Google), Min-Cheng Huang (Google), Shane Li (Google), Alex Beutel (Google), Yaping Zhang (Google) and Shuchao Bi (Google)",10.1145/3604915.3610244,https://doi.org/10.1145/3604915.3610244,,,
350,2023,Industry,,Leveling Up the Peloton Homescreen: A System and Algorithm for Dynamic Row Ranking,"Natalia Chen (Peloton Interactive), Nganba Meetei (Peloton Interactive), Nilothpal Talukder (Peloton Interactive) and Alexey Zankevich (Peloton Interactive)",10.1145/3604915.3610247,https://doi.org/10.1145/3604915.3610247,,,
351,2023,Industry,,LightSAGE: Graph Neural Networks for Large Scale Item Retrieval in Shopee’s Advertisement Recommendation,"Dang Minh Nguyen (Shopee, SEA Group), Chenfei Wang (Shopee, SEA Group), Yan Shen (Shopee, SEA Group) and Yifan Zeng (Shopee, SEA Group)",10.1145/3604915.3608863,https://doi.org/10.1145/3604915.3608863,,,
352,2023,Industry,,Loss Harmonizing for Multi-Scenario CTR Prediction,"Congcong Liu (JD.com), Liang Shi (JD.com), Pei Wang (JD.com), Fei Teng (JD.com), Xue Jiang (JD.com), Changping Peng (JD.com), Zhangang Lin (JD.com) and Jingping Shao (JD.com)",10.1145/3604915.3608865,https://doi.org/10.1145/3604915.3608865,,,
353,2023,Industry,,MCM: A Multi-task Pre-trained Customer Model for Personalization,"Rui Luo (Amazon), Tianxin Wang (Amazon), Jingyuan Deng (Amazon) and Peng Wan (Amazon)",10.1145/3604915.3608868,https://doi.org/10.1145/3604915.3608868,,,
354,2023,Industry,,Navigating the Feedback Loop in Recommender Systems: Insights and Strategies from Industry Practice,"Ding Tong (Netflix), Qifeng Qiao (Netflix), Ting-Po Lee (Netflix), James McInerney (Netflix) and Justin Basilico (Netflix)",10.1145/3604915.3610246,https://doi.org/10.1145/3604915.3610246,,,
355,2023,Industry,,Nonlinear Bandits Exploration for Recommendations,Yi Su (Google) and Minmin Chen (Google),10.1145/3604915.3610245,https://doi.org/10.1145/3604915.3610245,,,
356,2023,Industry,,Optimizing Podcast Discovery: Unveiling Amazon Music’s Retrieval and Ranking Framework,"Geetha Aluri (Amazon), Paul Greyson (Amazon) and Joaquin Delgado (Amazon)",10.1145/3604915.3610240,https://doi.org/10.1145/3604915.3610240,,,
357,2023,Industry,,Personalised Recommendations for the BBC iPlayer: Initial approach and current challenges,"Benjamin R. Clark (British Broadcasting Corporation), Kristine Grivcova (British Broadcasting Corporation), Polina Proutskova (British Broadcasting Corporation) and Duncan M. Walker (British Broadcasting Corporation)",10.1145/3604915.3608867,https://doi.org/10.1145/3604915.3608867,,,
358,2023,Industry,,RecQR: Using Recommendation Systems for Query Reformulation to correct unseen errors in spoken dialog systems,"Manik Bhandari (Amazon.com), Mingxian Wang (Amazon), Oleg Poliannikov (Amazon) and Kanna Shimizu (Amazon)",10.1145/3604915.3610235,https://doi.org/10.1145/3604915.3610235,,,
359,2023,Industry,,Reward innovation for long-term member satisfaction,"Gary Tang (Netflix), Jiangwei Pan (Netflix), Henry Wang (Netflix) and Justin Basilico (Netflix)",10.1145/3604915.3608873,https://doi.org/10.1145/3604915.3608873,,,
360,2023,Industry,,Scaling Session-Based Transformer Recommendations using Optimized Negative Sampling and Loss Functions,"Timo Wilm (OTTO (GmbH & Co KG)), Philipp Normann (OTTO (GmbH & Co KG)), Sophie Baumeister (OTTO (GmbH & Co KG)) and Paul-Vincent Kobow (OTTO (GmbH & Co KG))",10.1145/3604915.3610236,https://doi.org/10.1145/3604915.3610236,,,
361,2023,Industry,,Station and Track Attribute-Aware Music Personalization,"M. Jeffrey Mei (SiriusXM Radio Inc.), Oliver Bembom (SiriusXM Radio Inc.) and Andreas Ehmann (SiriusXM Radio Inc.)",10.1145/3604915.3610239,https://doi.org/10.1145/3604915.3610239,,,
362,2023,Industry,,Towards Companion Recommenders Assisting Users’ Long-Term Journeys,Konstantina Christakopoulou (Google) and Minmin Chen (Google),10.1145/3604915.3610241,https://doi.org/10.1145/3604915.3610241,,,
363,2023,Industry,,Track Mix Generation on Music Streaming Services using Transformers,"Walid Bendada (Deezer Research), Théo Bontempelli (Deezer Research), Mathieu Morlon (Deezer Research), Benjamin Chapus (Deezer Research), Thibault Cador (Deezer Research), Thomas Bouabça (Deezer Research) and Guillaume Salha-Galvan (Deezer Research)",10.1145/3604915.3608869,https://doi.org/10.1145/3604915.3608869,,,
364,2023,Industry,,Transparently Serving the Public: Enhancing Public Service Media Values through Exploration,Andreas Grün (ZDF) and Xenija Neufeld (Accso – Accelerated Solutions GmbH),10.1145/3604915.3610243,https://doi.org/10.1145/3604915.3610243,,,
365,2023,Industry,,Unleash the Power of Context: Enhancing Large-Scale Recommender Systems with Context-Based Prediction Models,"Jan Hartman (Outbrain), Assaf Klein (Outbrain), Davorin Kopič (Outbrain) and Natalia Silberstein (Outbrain)",10.1145/3604915.3610250,https://doi.org/10.1145/3604915.3610250,,,
366,2023,Industry,,Visual Representation for Capturing Creator Theme in Brand-Creator Marketplace,"Asnat Greenstein-Messica (Lightricks), Keren Gaiger (Lightricks), Sarel Duanis (Lightricks), Ravid Cohen (Lightricks) and Shaked Zychlinski (Lightricks)",10.1145/3604915.3610237,https://doi.org/10.1145/3604915.3610237,,,
367,2023,LBR,,A Model-Agnostic Framework for Recommendation via Interest-aware Item Embeddings,Amit Kumar Jaiswal (University of Surrey) and Yu Xiong (University of Surrey),10.1145/3604915.3610660,https://doi.org/10.1145/3604915.3610660,,,
368,2023,LBR,,An Exploration of Sentence-Pair Classification for Algorithmic Recruiting,Mesut Kaya (Aalborg University Copenhagen) and Toine Bogers (IT University of Copenhagen),10.1145/3604915.3610657,https://doi.org/10.1145/3604915.3610657,,,
369,2023,LBR,,Analyzing Accuracy versus Diversity in a Health Recommender System for Physical Activities: a Longitudinal User Study,"Ine Coppens (WAVES – imec – Ghent University), Luc Martens (WAVES – imec – Ghent University) and Toon De Pessemier (WAVES – imec – Ghent University)",10.1145/3604915.3610650,https://doi.org/10.1145/3604915.3610650,,,
370,2023,LBR,,Broadening the Scope: Evaluating the Potential of Recommender Systems beyond prioritizing Accuracy,"Vincenzo Paparella (Politecnico di Bari), Dario Di Palma (Politecnico di Bari), Vito Walter Anelli (Politecnico di Bari) and Tommaso Di Noia (Politecnico di Bari)",10.1145/3604915.3610649,https://doi.org/10.1145/3604915.3610649,,,
371,2023,LBR,,Climbing crags repetitive choices and recommendations,Iustina Ivanova (Independent Researcher),10.1145/3604915.3610652,https://doi.org/10.1145/3604915.3610652,,,
372,2023,LBR,,Continual Collaborative Filtering Through Gradient Alignment,Hieu Do (Singapore Management University) and Hady Lauw (Singapore Management University),10.1145/3604915.3610648,https://doi.org/10.1145/3604915.3610648,,,
373,2023,LBR,,Evaluating The Effects of Calibrated Popularity Bias Mitigation: A Field Study,"Anastasiia Klimashevskaia (MediaFutures, University of Bergen), Mehdi Elahi (MediaFutures, University of Bergen), Dietmar Jannach (University of Klagenfurt), Lars Skjærven (TV 2), Astrid Tessem (TV 2) and Christoph Trattner (MediaFutures, University of Bergen)",10.1145/3604915.3610637,https://doi.org/10.1145/3604915.3610637,,,
374,2023,LBR,,How Users Ride the Carousel: Exploring the Design of Multi-List Recommender Interfaces From a User Perspective,Benedikt Loepp (University of Duisburg-Essen) and Jürgen Ziegler (University of Duisburg-Essen),10.1145/3604915.3610638,https://doi.org/10.1145/3604915.3610638,,,
375,2023,LBR,,Integrating Item Relevance in Training Loss for Sequential Recommender Systems,"Andrea Bacciu (Sapienza University of Rome), Federico Siciliano (Sapienza University of Rome), Nicola Tonellotto (University of Pisa) and Fabrizio Silvestri (University of Rome)",10.1145/3604915.3610643,https://doi.org/10.1145/3604915.3610643,,,
376,2023,LBR,,Integrating Offline Reinforcement Learning with Transformers for Sequential Recommendation,"Xumei Xi (Cornell University), Yuke Zhao (Bloomberg LP), Quan Liu (Bloomberg), Liwen Ouyang (Bloomberg) and Yang Wu (Independent Researcher)",10.1145/3604915.3610641,https://doi.org/10.1145/3604915.3610641,,,
377,2023,LBR,,Learning the True Objectives of Multiple Tasks in Sequential Behavior Modeling,Jiawei Zhang (Peking University),10.1145/3604915.3610642,https://doi.org/10.1145/3604915.3610642,,,
378,2023,LBR,,Leveraging Large Language Models for Sequential Recommendation,"Jesse Harte (Delivery Hero SE), Wouter Zorgdrager (Delivery Hero SE), Panos Louridas (Athens University of Economics & Business), Asterios Katsifodimos (Delft University of Technology), Dietmar Jannach (University of Klagenfurt) and Marios Fragkoulis (Delivery Hero SE)",10.1145/3604915.3610639,https://doi.org/10.1145/3604915.3610639,,,
379,2023,LBR,,"On the Consistency, Discriminative Power and Robustness of Sampled Metrics in Offline Top-N Recommender System Evaluation","Yang Liu (University of Helsinki), Alan Medlar (University of Helsinki) and Dorota Glowacka (University of Helsinki)",10.1145/3604915.3610651,https://doi.org/10.1145/3604915.3610651,,,
380,2023,LBR,,OutRank: Speeding up AutoML-based Model Search for Large Sparse Data sets with Cardinality-aware Feature Ranking,Blaž Škrlj (Outbrain) and Blaž Mramor (Outbrain),10.1145/3604915.3610636,https://doi.org/10.1145/3604915.3610636,,,
381,2023,LBR,,Power Loss Function in Neural Networks for Predicting Click-Through Rate,Ergun Biçici (Huawei R&D Center Turkey),10.1145/3604915.3610658,https://doi.org/10.1145/3604915.3610658,,,
382,2023,LBR,,Towards Health-Aware Fairness in Food Recipe Recommendation,"Mehrdad Rostami (University of Oulu), Mohammad Aliannejadi (University of Amsterdam) and Mourad Oussalah (University of Oulu)",10.1145/3604915.3610659,https://doi.org/10.1145/3604915.3610659,,,
383,2023,LBR,,Turning Dross Into Gold Loss: is BERT4Rec really better than SASRec?,"Anton Klenitskiy (Sber, AI Lab) and Alexey Vasilev (Sber, AI Lab)",10.1145/3604915.3610644,https://doi.org/10.1145/3604915.3610644,,,
384,2023,LBR,,Uncertainty-adjusted Inductive Matrix Completion with Graph Neural Networks,"Petr Kasalicky (Singapore Management University, School of Computing and Information Systems), Antoine Ledent (Singapore Management University, School of Computing and Information Systems) and Rodrigo Alves (Czech Technical University, Faculty of Information Technology)",10.1145/3604915.3610654,https://doi.org/10.1145/3604915.3610654,,,
385,2023,LBR,,Uncovering ChatGPT’s Capabilities in Recommender Systems,"Sunhao Dai (Renmin University of China), Ninglu Shao (Renmin University of China), Haiyuan Zhao (Renmin University of China), Weijie Yu (University of International Business and Economics), Zihua Si (Renmin University of China), Chen Xu (Renmin University of China), Zhongxiang Sun (Renmin University of China), Xiao Zhang (Renmin University of China) and Jun Xu (Renmin University of China)",10.1145/3604915.3610646,https://doi.org/10.1145/3604915.3610646,,,
386,2023,Demos,,EasyStudy: Framework for Easy Deployment of User Studies on Recommender Systems,"Patrik Dokoupil (Department of Software Engineering, Charles University) and Ladislav Peska (Faculty of Mathematics and Physics, Charles University, Prague, Czechia)",10.1145/3604915.3610640,https://doi.org/10.1145/3604915.3610640,,,
387,2023,Demos,,"Improving Group Recommendations using Personality, Dynamic Clustering and Multi-Agent MicroServices","Patrícia Alves (GECAD/LASI – ISEP, Polytechnic of Porto), André Martins (GECAD/LASI – ISEP, Polytechnic of Porto), Paulo Novais (ALGORITMI/LASI, University of Minho) and Goreti Marreiros (GECAD/LASI, ISEP, Polytechnic of Porto)",10.1145/3604915.3610653,https://doi.org/10.1145/3604915.3610653,,,
388,2023,Demos,,"Introducing LensKit-Auto, an Experimental Automated Recommender System (AutoRecSys) Toolkit","Tobias Vente (University of Siegen), Michael Ekstrand (Boise State University) and Joeran Beel (University of Siegen)",10.1145/3604915.3610656,https://doi.org/10.1145/3604915.3610656,,,
389,2023,Demos,,LLM Based Generation of Item-Description for Recommendation System,"Arkadeep Acharya (Sony Research India), Brijraj Singh (Sony Research India) and Naoyuki Onoe (Sony Research India)",10.1145/3604915.3610647,https://doi.org/10.1145/3604915.3610647,,,
390,2023,Demos,,Localify.org: Locally-focus Music Artist and Event Recommendation,"Douglas Turnbull (Ithaca College), April Trainor (Ithaca College), Griffin Homan (Ithaca College), Elizabeth Richards (Ithaca College), Kieran Bentley (Ithaca College), Victoria Conrad (Ithaca College), Paul Gagliano (Ithaca College) and Cassandra Raineault (Ithaca College)",10.1145/3604915.3610645,https://doi.org/10.1145/3604915.3610645,,,
391,2023,Demos,,Re2Dan: Retrieval of medical documents for e-Health in Danish,"Antonela Tommasel (ISISTAN Research Institute, CONICET-UNCPBA), Rafael Pablos (Aarhus Universitet) and Ira Assent (Aarhus Universitet)",10.1145/3604915.3610655,https://doi.org/10.1145/3604915.3610655,,,
392,2023,Doctoral,,Acknowledging dynamic aspects of trust in recommender systems,Imane Akdim (School of Computer Science – Mohammed VI Polytechnic University),10.1145/3604915.3608881,https://doi.org/10.1145/3604915.3608881,,,
393,2023,Doctoral,,Advancing Automation of Design Decisions in Recommender System Pipelines,Tobias Vente (University of Siegen),10.1145/3604915.3608886,https://doi.org/10.1145/3604915.3608886,,,
394,2023,Doctoral,,Challenges for Anonymous Session-Based Recommender Systems in Indoor Environments,Alessio Ferrato (Roma TRE),10.1145/3604915.3608879,https://doi.org/10.1145/3604915.3608879,,,
395,2023,Doctoral,,Complementary Product Recommendation for Long-tail Products,Rastislav Papso (Kempelen Institute of Intelligent Technologies),10.1145/3604915.3608864,https://doi.org/10.1145/3604915.3608864,,,
396,2023,Doctoral,,"Demystifying Recommender Systems: A Multi-faceted Examination of Explanation Generation, Impact, and Perception",Giacomo Balloccu (Università degli Studi di Cagliari),10.1145/3604915.3608887,https://doi.org/10.1145/3604915.3608887,,,
397,2023,Doctoral,,Denoising Explicit Social Signals for Robust Recommendation,Youchen Sun (Nanyang Technological University),10.1145/3604915.3608884,https://doi.org/10.1145/3604915.3608884,,,
398,2023,Doctoral,,Enhanced Privacy Preservation for Recommender Systems,Ziqing Wu (NTU),10.1145/3604915.3608888,https://doi.org/10.1145/3604915.3608888,,,
399,2023,Doctoral,,Explainable Graph Neural Network Recommenders; Challenges and Opportunities,Amir Reza Mohammadi (Universität Innsbruck),10.1145/3604915.3608875,https://doi.org/10.1145/3604915.3608875,,,
400,2023,Doctoral,,"Exploring Unlearning Methods to Ensure the Privacy, Security, and Usability of Recommender Systems",Jens Leysen (University of Antwerp),10.1145/3604915.3608862,https://doi.org/10.1145/3604915.3608862,,,
401,2023,Doctoral,,Improving Recommender Systems Through the Automation of Design Decisions,Lukas Wegmeth (University of Siegen),10.1145/3604915.3608877,https://doi.org/10.1145/3604915.3608877,,,
402,2023,Doctoral,,Knowledge-Aware Recommender Systems based on Multi-Modal Information Sources,Giuseppe Spillo (University of Bari ‘Aldo Moro’),10.1145/3604915.3608866,https://doi.org/10.1145/3604915.3608866,,,
403,2023,Doctoral,,Overcoming Recommendation Limitations with Neuro-Symbolic Integration,Tommaso Carraro (University of Padova / Fondazione Bruno Kessler),10.1145/3604915.3608876,https://doi.org/10.1145/3604915.3608876,,,
404,2023,Doctoral,,Retrieval-augmented Recommender System: Enhancing Recommender Systems with Large Language Models,Dario Di Palma (Politecnico di Bari),10.1145/3604915.3608889,https://doi.org/10.1145/3604915.3608889,,,
405,2023,Doctoral,,Sequential Recommendation Models: A Graph-based Perspective,Andreas Peintner (University of Innsbruck),10.1145/3604915.3608776,https://doi.org/10.1145/3604915.3608776,,,
406,2023,Doctoral,,User-Centric Conversational Recommendation: Adapting the Need of User with Large Language Models,Gangyi Zhang (University of Science and Technology of China),10.1145/3604915.3608885,https://doi.org/10.1145/3604915.3608885,,,
407,2024,Long Papers,,A Multi-modal Modeling Framework for Cold-start Short-video Recommendation,"Gaode Chen (Kuaishou Technology), Ruina Sun (Kuaishou Technology), Yuezihan Jiang (Kuaishou Technology), Jiangxia Cao (Kuaishou Technology), Qi Zhang (Kuaishou Technology), Jingjian Lin (Kuaishou Technology), Han Li (Kuaishou Technology), Kun Gai (Kuaishou Technology) and Xinghua Zhang (Chinese Academy of Sciences)",10.1145/3640457.3688098,https://doi.org/10.1145/3640457.3688098,,,
408,2024,Long Papers,,A multimodal single-branch embedding network for recommendation in cold-start and missing modality scenarios,"Christian Ganhör (Johannes Kepler University Linz), Marta Moscati (Johannes Kepler University Linz), Anna Hausberger (Johannes Kepler University Linz), Shah Nawaz (Johannes Kepler University Linz) and Markus Schedl (Johannes Kepler University Linz; Linz Institute of Technology)",10.1145/3640457.3688138,https://doi.org/10.1145/3640457.3688138,,,
409,2024,Long Papers,,A Pre-trained Zero-shot Sequential Recommendation Framework via Popularity Dynamics,"Junting Wang (Urbana-Champaign), Praneet Rathi (Urbana-Champaign) and Hari Sundaram (Urbana-Champaign)",10.1145/3640457.3688145,https://doi.org/10.1145/3640457.3688145,,,
410,2024,Long Papers,,A Unified Graph Transformer for Overcoming Isolations in Multi-modal Recommendation,Zixuan Yi (University of Glasgow) and Iadh Ounis (University of Glasgow),10.1145/3640457.3688096,https://doi.org/10.1145/3640457.3688096,,,
411,2024,Long Papers,,Accelerating the Surrogate Retraining for Poisoning Attacks against Recommender Systems,"Yunfan Wu (Chinese Academy of Sciences), Qi Cao (Chinese Academy of Sciences), Shuchang Tao (Chinese Academy of Sciences), Kaike Zhang (Chinese Academy of Sciences), Fei Sun (Chinese Academy of Sciences) and Huawei Shen (Chinese Academy of Sciences)",10.1145/3640457.3688148,https://doi.org/10.1145/3640457.3688148,,,
412,2024,Long Papers,,Adaptive Fusion of Multi-View for Graph Contrastive Recommendation,"Mengduo Yang (Zhejiang University), Yi Yuan (Zhejiang University), Jie Zhou (Zhejiang University), Meng Xi (Zhejiang University), Xiaohua Pan (Zhejiang University), Ying Li (Zhejiang University), Yangyang Wu (Zhejiang University), Jinshan Zhang (Zhejiang University) and Jianwei Yin (Zhejiang University)",10.1145/3640457.3688153,https://doi.org/10.1145/3640457.3688153,,,
413,2024,Long Papers,,AIE: Auction Information Enhanced Framework for CTR Prediction in Online Advertising,"Yang Yang (Huawei Noah’s Ark Lab), Bo Chen (Huawei Noah’s Ark Lab), Chenxu Zhu (Huawei Noah’s Ark Lab), Menghui Zhu (Huawei Noah’s Ark Lab), Xinyi Dai (Huawei Noah Ark’s Lab), Huifeng Guo (Huawei Noah Ark’s Lab), Muyu Zhang (Huawei Noah Ark’s Lab), Zhenhua Dong (Huawei Noah Ark’s Lab) and Ruiming Tang (Huawei Noah Ark’s Lab)",10.1145/3640457.3688136,https://doi.org/10.1145/3640457.3688136,,,
414,2024,Long Papers,,Bayesian Optimization with LLM-Based Acquisition Functions for Natural Language Preference Elicitation,"David Austin (University of Waterloo), Anton Korikov (University of Toronto), Armin Toroghi (University of Toronto) and Scott Sanner (University of Toronto)",10.1145/3640457.3688142,https://doi.org/10.1145/3640457.3688142,,,
415,2024,Long Papers,,Biased User History Synthesis for Personalized Long-Tail Item Recommendation,"Keshav Balasubramanian (University of Southern California), Abdulla Alshabanah (University of Southern California), Elan Markowitz (University of Southern California), Greg Ver Steeg (University of California Riverside) and Murali Annavaram (University of Southern California)",10.1145/3640457.3688141,https://doi.org/10.1145/3640457.3688141,,,
416,2024,Long Papers,,Bridging Search and Recommendation in Generative Retrieval: Does One Task Help the Other?,"Gustavo Penha (Spotify), Ali Vardasbi (Spotify), Enrico Palumbo (Spotify), Marco De Nadai (Spotify) and Hugues Bouchard (Spotify)",10.1145/3640457.3688123,https://doi.org/10.1145/3640457.3688123,,,
417,2024,Long Papers,,CALRec: Contrastive Alignment of Generative LLMs For Sequential Recommendation,"Yaoyiran Li (University of Cambridge), Xiang Zhai (Google), Moustafa Alzantot (Google Research), Keyi Yu (Google), Ivan Vulić (University of Cambridge), Anna Korhonen (University of Cambridge) and Mohamed Hammad (Google)",10.1145/3640457.3688121,https://doi.org/10.1145/3640457.3688121,,,
418,2024,Long Papers,,ConFit: Improving Resume-Job Matching using Data Augmentation and Contrastive Learning,"Xiao Yu (Columbia University), Jinzhong Zhang (Intellipro Group Inc.) and Zhou Yu (Columbia University)",10.1145/3640457.3688108,https://doi.org/10.1145/3640457.3688108,,,
419,2024,Long Papers,,Cross-Domain Latent Factors Sharing via Implicit Matrix Factorization,"Abdulaziz Samra (Skolkovo Institute of Science and Technology), Evgeny Frolov (AIRI; Skolkovo Institute of Science and Technology), Alexey Vasilev (Sber), Alexander Grigorevskiy (Independent researcher) and Anton Vakhrushev (Independent researcher)",10.1145/3640457.3688143,https://doi.org/10.1145/3640457.3688143,,,
420,2024,Long Papers,,Discerning Canonical User Representation for Cross-Domain Recommendation,Siqian Zhao (University at Albany – SUNY) and Sherry Sahebi (University at Albany – SUNY),10.1145/3640457.3688114,https://doi.org/10.1145/3640457.3688114,,,
421,2024,Long Papers,,Distillation Matters: Empowering Sequential Recommenders to Match the Performance of Large Language Models,"Yu Cui (Zhejiang University), Feng Liu (OPPO Research Institute), Pengbo Wang (University of Electronic Science and Technology of China), Bohao Wang (Zhejiang University), Heng Tang (Zhejiang University), Yi Wan (OPPO Research Institute), Jun Wang (OPPO Research Institute) and Jiawei Chen (Zhejiang University)",10.1145/3640457.3688118,https://doi.org/10.1145/3640457.3688118,,,
422,2024,Long Papers,,DNS-Rec: Data-aware Neural Architecture Search for Recommender Systems,"Sheng Zhang (City University of Hong Kong), Maolin Wang (City University of Hong Kong), Xiangyu Zhao (City University of Hong Kong), Ruocheng Guo (ByteDance Research), Yao Zhao (Ant Group) and Chenyi Zhuang (Ant Group), Jinjie Gu (Ant Group), Zijian Zhang (Jilin University) and Hongzhi Yin (The University of Queensland)",10.1145/3640457.3688117,https://doi.org/10.1145/3640457.3688117,,,
423,2024,Long Papers,,Dynamic Stage-aware User Interest Learning for Heterogeneous Sequential Recommendation,"Weixin Li (Shenzhen University), Xiaolin Lin (Shenzhen University), Weike Pan (Shenzhen University) and Zhong Ming (Shenzhen Technology University)",10.1145/3640457.3688103,https://doi.org/10.1145/3640457.3688103,,,
424,2024,Long Papers,,Effective Off-Policy Evaluation and Learning in Contextual Combinatorial Bandits,"Tatsuhiro Shimizu (Independent Researcher) and Koichi Tanaka (Keio Univercity), Ren Kishimoto (Tokyo Institute of Technology), Haruka Kiyohara (Cornell University), Masahiro Nomura (CyberAgent, Inc.) and Yuta Saito (Cornell University)",10.1145/3640457.3688099,https://doi.org/10.1145/3640457.3688099,,,
425,2024,Long Papers,,Embedding Optimization for Training Large-scale Deep Learning Recommendation Systems with EMBark,"Shijie Liu (NVIDIA Corporation), Nan Zheng (NVIDIA Corporation), Hui Kang (NVIDIA Corporation), Xavier Simmons (NVIDIA Corporation), Junjie Zhang (NVIDIA Corporation), Matthias Langer (NVIDIA Corporation), Wenjing Zhu (NVIDIA Corporation), Minseok Lee (NVIDIA Corporation) and Zehuan Wang (NVIDIA Corporation)",10.1145/3640457.3688111,https://doi.org/10.1145/3640457.3688111,,,
426,2024,Long Papers,,End-to-End Cost-Effective Incentive Recommendation under Budget Constraint with Uplift Modeling,"Zexu Sun (Renmin University of China), Hao Yang (Renmin University of China), Dugang Liu (Guangdong Laboratory of Artificial Intelligence and Digital Economy (SZ)), Yunpeng Weng (Tencent), Xing Tang (Tencent) and Xiuqiang He (Tencent)",10.1145/3640457.3688147,https://doi.org/10.1145/3640457.3688147,,,
427,2024,Long Papers,,Fair Reciprocal Recommendation in Matching Markets,Yoji Tomita (CyberAgent Inc.) and Tomohiko Yokoyama (The University of Tokyo),10.1145/3640457.3688130,https://doi.org/10.1145/3640457.3688130,,,
428,2024,Long Papers,,FairCRS: Towards User-oriented Fairness in Conversational Recommendation Systems,"Qin Liu (Jinan University), Xuan Feng (Jinan University), Tianlong Gu (Jinan University) and Xiaoli Liu (Jinan University)",10.1145/3640457.3688150,https://doi.org/10.1145/3640457.3688150,,,
429,2024,Long Papers,,FedLoCA: Low-Rank Coordinated Adaptation with Knowledge Decoupling for Federated Recommendations,"Yuchen Ding (University of Science and Technology of China), Siqing Zhang (University of Science and Technology of China), Boyu Fan (University of Helsinki), Wei Sun (University of Science and Technology of China), Yong Liao (University of Science and Technology of China) and Peng Yuan Zhou (Aarhus University)",10.1145/3640457.3688112,https://doi.org/10.1145/3640457.3688112,,,
430,2024,Long Papers,,FLIP: Fine-grained Alignment between ID-based Models and Pretrained Language Models for CTR Prediction,"Hangyu Wang (Shanghai Jiao Tong University), Jianghao Lin (Shanghai Jiao Tong University), Xiangyang Li (Huawei Noah’s Ark Lab), Bo Chen (Huawei Noah’s Ark Lab), Chenxu Zhu (Huawei Noah’s Ark Lab), Ruiming Tang (Huawei Noah’s Ark Lab), Weinan Zhang (Shanghai Jiao Tong University) and Yong Yu (Shanghai Jiao Tong University)",10.1145/3640457.3688106,https://doi.org/10.1145/3640457.3688106,,,
431,2024,Long Papers,,Improving Adversarial Robustness for Recommendation Model via Cross-Domain Distributional Adversarial Training,"Jingyu Chen (Sichuan University), Lilin Zhang (Sichuan University) and Ning Yang (Sichuan University)",10.1145/3640457.3688116,https://doi.org/10.1145/3640457.3688116,,,
432,2024,Long Papers,,Improving the Shortest Plank: Vulnerability-Aware Adversarial Training for Robust Recommender System,"Kaike Zhang (Chinese Academy of Sciences), Qi Cao (Chinese Academy of Sciences), Yunfan Wu (Chinese Academy of Sciences), Fei Sun (Chinese Academy of Sciences), Huawei Shen (Chinese Academy of Sciences) and Xueqi Cheng (Chinese Academy of Sciences)",10.1145/3640457.3688120,https://doi.org/10.1145/3640457.3688120,,,
433,2024,Long Papers,,Information-Controllable Graph Contrastive Learning for Recommendation,"Zirui Guo (Beijing University of Posts and Telecommunications), Yanhua Yu (Beijing University of Posts and Telecommunications), Yuling Wang (Hangzhou Dianzi University), Kangkang Lu (Beijing University of Posts and Telecommunications), Zixuan Yang (Beijing University of Posts and Telecommunications), Liang Pang (Chinese Academy of Sciences) and Tat-Seng Chua (National University of Singapore)",10.1145/3640457.3688122,https://doi.org/10.1145/3640457.3688122,,,
434,2024,Long Papers,,Instructing and Prompting Large Language Models for Explainable Cross-domain Recommendations,"Alessandro Petruzzelli (University of Bari Aldo Moro), Cataldo Musto (University of Bari), Lucrezia Laraspata (University of Bari), Ivan Rinaldi (University of Bari Aldo Moro), Marco de Gemmis (University of Bari Aldo Moro), Pasquale Lops (University of Bari) and Giovanni Semeraro (University of Bari)",10.1145/3640457.3688137,https://doi.org/10.1145/3640457.3688137,,,
435,2024,Long Papers,,LARR: Large Language Model Aided Real-time Scene Recommendation with Semantic Understanding,"Zhizhong Wan (Meituan), Bin Yin (Meituan), Junjie Xie (Meituan), Fei Jiang (Meituan), Xiang Li (Meituan) and Wei Lin (Meituan)",10.1145/3640457.3688135,https://doi.org/10.1145/3640457.3688135,,,
436,2024,Long Papers,,Low Rank Field-Weighted Factorization Machines for Low Latency Item Recommendation,"Alex Shtoff (Yahoo Research), Michael Viderman (Yahoo Research), Naama Haramaty-Krasne, Oren Somekh (Yahoo Research), Ariel Raviv (Meta) and Tularam Ban (Yahoo Research)",10.1145/3640457.3688097,https://doi.org/10.1145/3640457.3688097,,,
437,2024,Long Papers,,MARec: Metadata Alignment for cold-start Recommendation,"Julien Monteil (Amazon), Volodymyr Vaskovych (Amazon), Wentao Lu (Amazon), Anirban Majumder (Amazon) and Anton van den Hengel (University of Adelaide)",10.1145/3640457.3688125,https://doi.org/10.1145/3640457.3688125,,,
438,2024,Long Papers,,MLoRA: Multi-Domain Low-Rank Adaptive Network for CTR Prediction,"Zhiming Yang (Northwestern Polytechnical University), Haining Gao (Alibaba Group), Dehong Gao (Northwestern Polytechnical University), Luwei Yang (Alibaba Group), Libin Yang (Northwestern Polytechnical University), Xiaoyan Cai (Northwestern Polytechnical University), Wei Ning (Alibaba Group) and Guannan Zhang (Alibaba Group)",10.1145/3640457.3688134,https://doi.org/10.1145/3640457.3688134,,,
439,2024,Long Papers,,MMGCL: Meta Knowledge-Enhanced Multi-view Graph Contrastive Learning for Recommendations,"Yuezihan Jiang (Kuaishou Technology), Changyu Li (Kuaishou Technology), Gaode Chen (Chinese Academy of Sciences), Peiyi Li (Kuaishou Technology), Qi Zhang (Kuaishou Technology), Jingjian Lin (Kuaishou Technology), Peng Jiang (Kuaishou Inc.), Fei Sun (China) and Wentao Zhang (Peking University)",10.1145/3640457.3688127,https://doi.org/10.1145/3640457.3688127,,,
440,2024,Long Papers,,Multi-Objective Recommendation via Multivariate Policy Learning,"Olivier Jeunen (ShareChat), Jatin Mandav (ShareChat), Ivan Potapov (ShareChat), Nakul Agarwal (ShareChat), Sourabh Vaid (ShareChat), Wenzhe Shi (ShareChat) and Aleksei Ustimenko (ShareChat)",10.1145/3640457.3688132,https://doi.org/10.1145/3640457.3688132,,,
441,2024,Long Papers,,Not All Videos Become Outdated: Short-Video Recommendation by Learning to Deconfound Release Interval Bias,"Lulu Dong (East China Normal University), Guoxiu He (East China Normal University) and Aixin Sun (Nanyang Technological University)",10.1145/3640457.3688113,https://doi.org/10.1145/3640457.3688113,,,
442,2024,Long Papers,,Optimal Baseline Corrections for Off-Policy Contextual Bandits,"Shashank Gupta (University of Amsterdam), Olivier Jeunen (ShareChat), Harrie Oosterhuis (Radboud University) and Maarten de Rijke (University of Amsterdam)",10.1145/3640457.3688105,https://doi.org/10.1145/3640457.3688105,,,
443,2024,Long Papers,,Prompt Tuning for Item Cold-start Recommendation,"Yuezihan Jiang (Kuaishou Technology), Gaode Chen (Kuaishou Technology), Wenhan Zhang (Peking University), Jingchi Wang (Peking University), Yinjie Jiang (Kuaishou Technology), Qi Zhang (Kuaishou Technology), Jingjian Lin (Kuaishou Technology), Peng Jiang (Kuaishou Technology) and Kaigui Bian (Peking University)",10.1145/3640457.3688126,https://doi.org/10.1145/3640457.3688126,,,
444,2024,Long Papers,,Putting Popularity Bias Mitigation to the Test: A User-Centric Evaluation in Music Recommenders,"Robin Ungruh (Delft University of Technology), Karlijn Dinnissen (Utrecht University), Anja Volk (Utrecht University), Maria Soledad Pera (Delft University of Technology) and Hanna Hauptmann (Utrecht University)",10.1145/3640457.3688102,https://doi.org/10.1145/3640457.3688102,,,
445,2024,Long Papers,,Ranking-Aware Unbiased Post-Click Conversion Rate Estimation via AUC Optimization on Entire Exposure Space,"Yu Liu (Nanjing University;Huawei Technologies Co., Ltd.), Qinglin Jia (Huawei Noah’s Ark Lab), Shuting Shi (Huawei Technologies Co., Ltd.), Chuhan Wu (Huawei Noah’s Ark Lab), Zhaocheng Du (Huawei Noah’s Ark Lab), Zheng Xie (Nanjing University), Ruiming Tang (Huawei Noah’s Ark Lab), Muyu Zhang (Huawei Technologies Co., Ltd.) and Ming Li (Nanjing University)",10.1145/3640457.3688152,https://doi.org/10.1145/3640457.3688152,,,
446,2024,Long Papers,,ReLand: Integrating Large Language Models’ Insights into Industrial Recommenders via a Controllable Reasoning Pool,"Changxin Tian (Ant Group), Binbin Hu (Ant Group), Chunjing Gan (Ant Group), Haoyu Chen (Ant Group), Zhuo Zhang (Ant Group), Li Yu (Ant Group), Ziqi Liu (Ant Group), Zhiqiang Zhang (Ant Group), Jun Zhou (Ant Group) and Jiawei Chen (Zhejiang University)",10.1145/3640457.3688131,https://doi.org/10.1145/3640457.3688131,,,
447,2024,Long Papers,,Repeated Padding for Sequential Recommendation,"Yizhou Dang (Northeastern University), Yuting Liu (Northeastern University), Enneng Yang (Northeastern University), Guibing Guo (Northeastern University), Linying Jiang (Northeastern University), Xingwei Wang (Northeastern University) and Jianzhe Zhao (Northeastern University)",10.1145/3640457.3688110,https://doi.org/10.1145/3640457.3688110,,,
448,2024,Long Papers,,"Right Tool, Right Job: Recommendation for Repeat and Exploration Consumption in Food Delivery","Jiayu Li (Tsinghua University), Aixin Sun (Nanyang Technological University), Weizhi Ma (Tsinghua University), Peijie Sun (Tsinghua University) and Min Zhang (Tsinghua University",10.1145/3640457.3688119,https://doi.org/10.1145/3640457.3688119,,,
449,2024,Long Papers,,RPAF: A Reinforcement Prediction-Allocation Framework for Cache Allocation in Large-Scale Recommender Systems,"Shuo Su (Kuaishou Technology), Xiaoshuang Chen (Kuaishou Technology), Yao Wang (Kuaishou Technology), Yulin Wu (Kuaishou Technology), Ziqiang Zhang (Tsinghua University), Kaiqiao Zhan (Kuaishou Technology), Ben Wang (Kuaishou Technology) and Kun Gai",10.1145/3640457.3688128,https://doi.org/10.1145/3640457.3688128,,,
450,2024,Long Papers,,Scalable Cross-Entropy Loss for Sequential Recommendations with Large Item Catalogs,"Gleb Mezentsev (Skolkovo Institute of Science and Technology), Danil Gusak (Skolkovo Institute of Science and Technology; HSE University), Ivan Oseledets (Artificial Intelligence Research Institute; Skolkovo Institute of Science and Technology) and Evgeny Frolov (Artificial Intelligence Research Institute; Skolkovo Institute of Science and Technology; HSE University)",10.1145/3640457.3688140,https://doi.org/10.1145/3640457.3688140,,,
451,2024,Long Papers,,Scaling Law of Large Sequential Recommendation Models,"Gaowei Zhang (Renmin University of China), Yupeng Hou (University of California San Diego), Hongyu Lu (Tencent), Yu Chen (Tencent), Wayne Xin Zhao (Renmin University of China) and Ji-Rong Wen (Renmin University of China)",10.1145/3640457.3688129,https://doi.org/10.1145/3640457.3688129,,,
452,2024,Long Papers,,Scene-wise Adaptive Network for Dynamic Cold-start Scenes Optimization in CTR Prediction,"Wenhao Li (Huazhong University of Science and Technology; Meituan), Jie Zhou (Beihang University), Chuan Luo (Beihang University), Chao Tang (Meituan), Kun Zhang (Meituan) and Shixiong Zhao (The University of Hong Kong)",10.1145/3640457.3688115,https://doi.org/10.1145/3640457.3688115,,,
453,2024,Long Papers,,SeCor: Aligning Semantic and Collaborative Representations by Large Language Models for Next-Point-of-Interest Recommendations,"Shirui Wang (Tongji University), Bohan Xie (Tongji University), Ling Ding (Tongji University), Xiaoying Gao (Tongji University), Jianting Chen (Tongji University) and Yang Xiang (Tongji University)",10.1145/3640457.3688124,https://doi.org/10.1145/3640457.3688124,,,
454,2024,Long Papers,,The Elephant in the Room: Rethinking the Usage of Pre-trained Language Model in Sequential Recommendation,"Zekai Qu (China University of Geosciences Beijing), Ruobing Xie (Tencent Inc.), Chaojun Xiao (Tsinghua University), Zhanhui Kang (Tencent Inc.) and Xingwu Sun (Tencent Inc.)",10.1145/3640457.3688107,https://doi.org/10.1145/3640457.3688107,,,
455,2024,Long Papers,,The Fault in Our Recommendations: On the Perils of Optimizing the Measurable,"Omar Besbes (Columbia University), Yash Kanoria (Columbia University) and Akshit Kumar (Columbia University)",10.1145/3640457.3688144,https://doi.org/10.1145/3640457.3688144,,,
456,2024,Long Papers,,The Role of Unknown Interactions in Implicit Matrix Factorization — A Probabilistic View,Joey De Pauw (University of Antwerp) and Bart Goethals (University of Antwerp),10.1145/3640457.3688100,https://doi.org/10.1145/3640457.3688100,,,
457,2024,Long Papers,,Touch the Core: Exploring Task Dependence Among Hybrid Targets for Recommendation,"Xing Tang (Tencent), Yang Qiao (Tencent), Fuyuan Lyu (McGill University), Dugang Liu (Guangdong Laboratory of Artificial Intelligence and Digital Economy (SZ)) and Xiuqiang He (Tencent)",10.1145/3640457.3688101,https://doi.org/10.1145/3640457.3688101,,,
458,2024,Long Papers,,Towards Empathetic Conversational Recommender Systems,"Xiaoyu Zhang (Shandong University), Ruobing Xie (Tencent), Yougang Lyu (Shandong University; University of Amsterdam), Xin Xin (Shandong University), Pengjie Ren (Shandong University), Mingfei Liang (Tencent), Bo Zhang (Tencent), Zhanhui Kang (Tencent), Maarten de Rijke (University of Amsterdam) and Zhaochun Ren (Leiden University)",10.1145/3640457.3688133,https://doi.org/10.1145/3640457.3688133,,,
459,2024,Long Papers,,Towards Open-World Recommendation with Knowledge Augmentation from Large Language Models,"Yunjia Xi (Shanghai Jiao Tong University), Weiwen Liu (Huawei Noah’s Ark Lab), Jianghao Lin (Shanghai Jiao Tong University), Xiaoling Cai (Huawei), Hong Zhu (Huawei), Jieming Zhu (Huawei Noah’s Ark Lab), Bo Chen (Huawei Noah’s Ark Lab), Ruiming Tang (Huawei Noah’s Ark Lab), Weinan Zhang (Shanghai Jiao Tong University) and Yong Yu (Shanghai Jiao Tong University)",10.1145/3640457.3688104,https://doi.org/10.1145/3640457.3688104,,,
460,2024,Long Papers,,Transformers Meet ACT-R: Repeat-Aware and Sequential Listening Session Recommendation,"Viet-Anh Tran (Deezer Research), Guillaume Salha-Galvan (Deezer Research), Bruno Sguerra (Deezer Research) and Romain Hennequin (Deezer Research)",10.1145/3640457.3688139,https://doi.org/10.1145/3640457.3688139,,,
461,2024,Long Papers,,Unified Denoising Training for Recommendation,"Haoyan Chua (Nanyang Technological University), Yingpeng Du (Nanyang Technological University), Zhu Sun (Singapore University of Technology and Design), Ziyan Wang (Nanyang Technological University), Jie Zhang (Nanyang Technological University) and Yew-Soon Ong (Nanyang Technological University)",10.1145/3640457.3688109,https://doi.org/10.1145/3640457.3688109,,,
462,2024,Long Papers,,Unleashing the Retrieval Potential of Large Language Models in Conversational Recommender Systems,Ting Yang (Hong Kong Baptist University) and Li Chen (Hong Kong Baptist University),10.1145/3640457.3688146,https://doi.org/10.1145/3640457.3688146,,,
463,2024,Long Papers,,Unlocking the Hidden Treasures: Enhancing Recommendations with Unlabeled Data,"Yuhan Zhao (Harbin Engineering University), Rui Chen (Harbin Engineering University), Qilong Han (Harbin Engineering University), Hongtao Song (Harbin Engineering University) and Li Chen (Hong Kong Baptist University)",10.1145/3640457.3688149,https://doi.org/10.1145/3640457.3688149,,,
464,2024,Long Papers,,Utilizing Non-click Samples via Semi-supervised Learning for Conversion Rate Prediction,"Jiahui Huang (University of Science and Technology of China), Lan Zhang (University of Science and Technology of China), Junhao Wang (University of Science and Technology of China), Shanyang Jiang (University of Science and Technology of China), Dongbo Huang (Tencent), Cheng Ding (Tencent) and Lan Xu (Tencent)",10.1145/3640457.3688151,https://doi.org/10.1145/3640457.3688151,,,
465,2024,Short Papers,,A Dataset for Adapting Recommender Systems to the Fashion Rental Economy,"Karl Audun Kagnes Borgersen (Universitetet i Agder), Morten Goodwin (University of Agder), Morten Grundetjern (Universitetet i Agder) and Jivitesh Sharma (University of Agder)",10.1145/3640457.3688174,https://doi.org/10.1145/3640457.3688174,,,
466,2024,Short Papers,,Better Generalization with Semantic IDs: A Case Study in Ranking for Recommendations,"Anima Singh (Google), Trung Vu (Google), Nikhil Mehta (Google DeepMind), Raghunandan Keshavan (Google), Maheswaran Sathiamoorthy (Google DeepMind), Yilin Zheng (Google), Lichan Hong (Google DeepMind), Lukasz Heldt (Google), Li Wei (Google), Devansh Tandon (Google), Ed Chi (Google DeepMind) and Xinyang Yi (Google DeepMind)",10.1145/3640457.3688190,https://doi.org/10.1145/3640457.3688190,,,
467,2024,Short Papers,,Calibrating the Predictions for Top-N Recommendations,Masahiro Sato (FUJIFILM),10.1145/3640457.3688177,https://doi.org/10.1145/3640457.3688177,,,
468,2024,Short Papers,,Can editorial decisions impair journal recommendations? Analysing the impact of journal characteristics on recommendation systems,"Elias Entrup (TIB Leibniz Information Centre for Science and Technology), Ralph Ewerth (TIB Leibniz Information Centre for Science and Technology) and Anett Hoppe (TIB Leibniz Information Centre for Science and Technology)",10.1145/3640457.3688194,https://doi.org/10.1145/3640457.3688194,,,
469,2024,Short Papers,,CAPRI-FAIR: Integration of Multi-sided Fairness in Contextual POI Recommendation Framework,"Francis Zac Dela Cruz (University of New South Wales), Flora D. Salim (University of New South Wales), Yonchanok Khaokaew (University of New South Wales) and Jeffrey Chan (RMIT University)",10.1145/3640457.3688170,https://doi.org/10.1145/3640457.3688170,,,
470,2024,Short Papers,,Comparative Analysis of Pretrained Audio Representations in Music Recommender Systems,Yan-Martin Tamm (University of Tartu) and Anna Aljanaki (University of Tartu),10.1145/3640457.3688172,https://doi.org/10.1145/3640457.3688172,,,
471,2024,Short Papers,,CoST: Contrastive Quantization based Semantic Tokenization for Generative Recommendation,"Jieming Zhu (Huawei Noah’s Ark Lab), Mengqun Jin (Tsinghua University), Qijiong Liu (The HK PolyU), Zexuan Qiu (The Chinese University of Hong Kong), Zhenhua Dong (Huawei Noah’s Ark Lab) and Xiu Li (Tsinghua University)",10.1145/3640457.3688178,https://doi.org/10.1145/3640457.3688178,,,
472,2024,Short Papers,,Data Augmentation using Reverse Prompt for Cost-Efficient Cold-Start Recommendation,Genki Kusano (NEC),10.1145/3640457.3688159,https://doi.org/10.1145/3640457.3688159,,,
473,2024,Short Papers,,Do Not Wait: Learning Re-Ranking Model Without User Feedback At Serving Time in E-Commerce,"Yuan Wang (Alibaba Group), Zhiyu Li (Alibaba Group), Changshuo Zhang (Renmin University of China), Sirui Chen (Renmin University of China), Xiao Zhang (Renmin University of China), Jun Xu (Renmin University of China) and Quan Lin (Alibaba Group)",10.1145/3640457.3688165,https://doi.org/10.1145/3640457.3688165,,,
474,2024,Short Papers,,Does It Look Sequential? An Analysis of Datasets for Evaluation of Sequential Recommendations,"Anton Klenitskiy (Sber AI Lab), Anna Volodkevich (Sber AI Lab), Anton Pembek (Lomonosov Moscow State University (MSU)) and Alexey Vasilev (Sber AI Lab)",10.1145/3640457.3688195,https://doi.org/10.1145/3640457.3688195,,,
475,2024,Short Papers,,Efficient Inference of Sub-Item Id-based Sequential Recommendation Models with Millions of Items,"Aleksandr Vladimirovich Petrov (University of Glasgow), Craig Macdonald (University of Glasgow) and Nicola Tonellotto (University of Pisa)",10.1145/3640457.3688168,https://doi.org/10.1145/3640457.3688168,,,
476,2024,Short Papers,,EmbSum: Leveraging the Summarization Capabilities of Large Language Models for Content-Based Recommendations,"Chiyu Zhang (University of British Columbia), Yifei Sun (Meta), Minghao Wu (Monash University), Jun Chen (Meta), Jie Lei (Meta), Muhammad Abdul-Mageed (The University of British Columbia), Rong Jin (Meta), Angli Liu (Meta), Ji Zhu (Meta), Sem Park (Meta), Ning Yao (Meta) and Bo Long (Meta)",10.1145/3640457.3688185,https://doi.org/10.1145/3640457.3688185,,,
477,2024,Short Papers,,Enhancing Sequential Music Recommendation with Negative Feedback-informed Contrastive Learning,"Pavan Seshadri (Georgia Institute of Technology), Shahrzad Shashaani (TU Wien) and Peter Knees (TU Wien)",10.1145/3640457.3688188,https://doi.org/10.1145/3640457.3688188,,,
478,2024,Short Papers,,Evaluation and simplification of text difficulty using LLMs in the context of recommending texts in French to facilitate language learning,"Henri Jamet (University of Lausanne), Maxime Manderlier (University of Mons (UMONS)), Yash Raj Shrestha (University of Lausanne) and Michalis Vlachos (University of Lausanne)",10.1145/3640457.3688181,https://doi.org/10.1145/3640457.3688181,,,
479,2024,Short Papers,,Fairness Matters: A look at LLM-generated group recommendations,"Antonela Tommasel (CONICET-UNCPBA, ISISTAN)",10.1145/3640457.3688182,https://doi.org/10.1145/3640457.3688182,,,
480,2024,Short Papers,,GLAMOR: Graph-based LAnguage MOdel embedding for citation Recommendation,"Zafar Ali (Southeast University), Guilin Qi (Southeast University), Irfan Ullah (Shaheed Benazir Bhutto University), Adam A. Q. Mohammed (Southeast University), Pavlos Kefalas (Aristotle University of Thessaloniki) and Khan Muhammad (Sungkyunkwan University)",10.1145/3640457.3688171,https://doi.org/10.1145/3640457.3688171,,,
481,2024,Short Papers,,It’s (not) all about that CTR: A Multi-Stakeholder Perspective on News Recommender Metrics,Hanne Vandenbroucke (imec-SMIT Vrije Universiteit Brussel) and Annelien Smets (imec-SMIT Vrije Universiteit Brussel),10.1145/3640457.3688183,https://doi.org/10.1145/3640457.3688183,,,
482,2024,Short Papers,,"It’s Not You, It’s Me: The Impact of Choice Models and Ranking Strategies on Gender Imbalance in Music Recommendation","Andres Ferraro (Pandora/SiriusXM), Michael D. Ekstrand (Drexel University) and Christine Bauer (Paris Lodron University Salzburg)",10.1145/3640457.3688163,https://doi.org/10.1145/3640457.3688163,,,
483,2024,Short Papers,,Knowledge-Enhanced Multi-Behaviour Contrastive Learning for Effective Recommendation,"Zeyuan Meng (University of Glasgow), Zixuan Yi (University of Glasgow) and Iadh Ounis (University of Glasgow)",10.1145/3640457.3688186,https://doi.org/10.1145/3640457.3688186,,,
484,2024,Short Papers,,Learned Ranking Function: From Short-term Behavior Predictions to Long-term User Satisfaction,"Yi Wu (Google), Daryl Chang (Google), Jennifer She (Google), Zhe Zhao (Google), Li Wei (Google) and Lukasz Heldt (Google)",10.1145/3640457.3688184,https://doi.org/10.1145/3640457.3688184,,,
485,2024,Short Papers,,LLMs for User Interest Exploration in Large-scale Recommendation Systems,"Jianling Wang (Google DeepMind), Haokai Lu (Google DeepMind), Yifan Liu (Google), He Ma (Google), Yueqi Wang (Google), Yang Gu (Google), Shuzhou Zhang (Google), Ningren Han (Google), Shuchao Bi (Google), Lexi Baugher (Google), Ed H. Chi (Google DeepMind) and Minmin Chen (Google DeepMind)",10.1145/3640457.3688161,https://doi.org/10.1145/3640457.3688161,,,
486,2024,Short Papers,,MAWI Rec: Leveraging Severe Weather Data in Recommendation,"Brendan Andrew Duncan (UC San Diego), Surya Kallumadi (Lowe’s Companies, Inc.), Taylor Berg-Kirkpatrick (UC San Diego) and Julian Mcauley (University of California San Diego)",10.1145/3640457.3688157,https://doi.org/10.1145/3640457.3688157,,,
487,2024,Short Papers,,MODEM: Decoupling User Behavior for Shared-Account Video Recommendations on Large Screen Devices,"Jiang Li (University of Science and Technology of China), Zhen Zhang (Kuaishou Technology Co., Ltd.), Xiang Feng (Kuaishou Technology Co., Ltd.), Muyang Li (Kuaishou Technology Co., Ltd.), Yongqi Liu (Kuaishou Technology Co., Ltd.) and Lantao Hu (Kuaishou Technology Co., Ltd.)",10.1145/3640457.3688167,https://doi.org/10.1145/3640457.3688167,,,
488,2024,Short Papers,,Multi-Behavioral Sequential Recommendation,"Shereen Elsayed (University of Hildesheim), Ahmed Rashed (Volkswagen Financial Services AG) and Lars Schmidt-Thieme (University of Hildesheim)",10.1145/3640457.3688166,https://doi.org/10.1145/3640457.3688166,,,
489,2024,Short Papers,,Neighborhood-Based Collaborative Filtering for Conversational Recommendation,"Zhouhang Xie (University of California San Diego), Junda Wu (University of California San Diego), Hyunsik Jeon (University of California San Diego), Zhankui He (University of California San Diego), Harald Steck (Netflix Inc.), Rahul Jha (Netflix Inc.), Dawen Liang (Netflix Inc.), Nathan Kallus (Cornell University) and Julian Mcauley (University of California San Diego)",10.1145/3640457.3688191,https://doi.org/10.1145/3640457.3688191,,,
490,2024,Short Papers,,"Oh, Behave! Country Representation Dynamics Created by Feedback Loops in Music Recommender Systems","Oleg Lesota (Johannes Kepler University Linz and Linz Institute of Technology), Jonas Geiger (Johannes Kepler University Linz and Linz Institute of Technology), Max Walder (Johannes Kepler University Linz and Linz Institute of Technology), Dominik Kowald (Know-Center GmbH and TU Graz) and Markus Schedl (Johannes Kepler University Linz and Linz Institute of Technology)",10.1145/3640457.3688187,https://doi.org/10.1145/3640457.3688187,,,
491,2024,Short Papers,,On Interpretability of Linear Autoencoders,"Martin Spišák (Recombee), Radek Bartyzal (GLAMI), Antonín Hoskovec (GLAMI; Czech Technical University in Prague) and Ladislav Peška (Charles University)",10.1145/3640457.3688179,https://doi.org/10.1145/3640457.3688179,,,
492,2024,Short Papers,,One-class recommendation systems with the hinge pairwise distance loss and orthogonal representations,"Ramin Raziperchikolaei (Rakuten Group, Inc.) and Young-joo Chung (Rakuten Group, Inc.)",10.1145/3640457.3688189,https://doi.org/10.1145/3640457.3688189,,,
493,2024,Short Papers,,Pay Attention to Attention for Sequential Recommendation,"Yuli Liu (Qinghai University), Min Liu (Qinghai University) and Xiaojing Liu (Qinghai University)",10.1145/3640457.3688164,https://doi.org/10.1145/3640457.3688164,,,
494,2024,Short Papers,,Positive-Sum Impact of Multistakeholder Recommender Systems for Urban Tourism Promotion and User Utility,Pavel Merinov (Free University of Bozen-Bolzano) and Francesco Ricci (Free University of Bozen-Bolzano),10.1145/3640457.3688173,https://doi.org/10.1145/3640457.3688173,,,
495,2024,Short Papers,,Promoting Two-sided Fairness with Adaptive Weights for Providers and Customers in Recommendation,"Lanling Xu (Renmin University of China), Zihan Lin (KuaiShou Inc.), Jinpeng Wang (Meituan Group), Sheng Chen (Meituan Group), Wayne Xin Zhao (Renmin University of China) and Ji-Rong Wen (Renmin University of China)",10.1145/3640457.3688169,https://doi.org/10.1145/3640457.3688169,,,
496,2024,Short Papers,,Recommending Healthy and Sustainable Meals exploiting Food Retrieval and Large Language Models,"Alessandro Petruzzelli (University of Bari Aldo Moro), Cataldo Musto (University of Bari Aldo Moro), Michele Ciro Di Carlo (University of Bari Aldo Moro), Giovanni Tempesta (University of Bari Aldo Moro) and Giovanni Semeraro (University of Bari Aldo Moro)",10.1145/3640457.3688193,https://doi.org/10.1145/3640457.3688193,,,
497,2024,Short Papers,,Recommending Personalised Targeted Training Adjustments for Marathon Runners,"Ciara Feely (University College Dublin), Brian Caulfield (University College Dublin), Aonghus Lawlor (University College Dublin) and Barry Smyth (University College Dublin)",10.1145/3640457.3688192,https://doi.org/10.1145/3640457.3688192,,,
498,2024,Short Papers,,"Revisiting LightGCN: Unexpected Inflexibility, Inconsistency, and A Remedy Towards Improved Recommendation","Geon Lee (KAIST), Kyungho Kim (KAIST) and Kijung Shin (KAIST)",10.1145/3640457.3688176,https://doi.org/10.1145/3640457.3688176,,,
499,2024,Short Papers,,Self-Attentive Sequential Recommendations with Hyperbolic Representations,"Evgeny Frolov (AIRI), Tatyana Matveeva (HSE University), Leyla Mirvakhabova (Skolkovo Institute of Science and Technology) and Ivan Oseledets (AIRI)",10.1145/3640457.3688180,https://doi.org/10.1145/3640457.3688180,,,
500,2024,Short Papers,,Societal Sorting as a Systemic Risk of Recommenders,"Luke Thorburn (King’s College London), Maria Polukarov (King’s College London) and Carmine Ventre (King’s College London)",10.1145/3640457.3688175,https://doi.org/10.1145/3640457.3688175,,,
501,2024,Short Papers,,The MovieLens Beliefs Dataset: Collecting Pre-Choice Data for Online Recommender Systems,"Guy Aridor (Northwestern University), Duarte Goncalves (University College London), Ruoyan Kong (University of Minnesota), Daniel Kluver (University of Minnesota) and Joseph Konstan (University of Minnesota)",10.1145/3640457.3688158,https://doi.org/10.1145/3640457.3688158,,,
502,2024,Short Papers,,Towards Green Recommender Systems: Investigating the Impact of Data Reduction on Carbon Footprint and Algorithm Performances,"Giuseppe Spillo (University of Bari Aldo Moro), Allegra De Filippo (DISI Università di Bologna), Cataldo Musto (University of Bari Aldo Moro), Michela Milano (DISI Università di Bologna) and Giovanni Semeraro (University of Bari Aldo Moro)",10.1145/3640457.3688160,https://doi.org/10.1145/3640457.3688160,,,
503,2024,Short Papers,,Δ-OPE: Off-Policy Estimation with Pairs of Policies,Olivier Jeunen (ShareChat) and Aleksei Ustimenko (ShareChat),10.1145/3640457.3688162,https://doi.org/10.1145/3640457.3688162,,,
504,2024,Reproducibility,,A Comparative Analysis of Text-Based Explainable Recommender Systems,"Alejandro Ariza-Casabona (University of Barcelona), Ludovico Boratto (University of Cagliari) and Maria Salamó (University of Barcelona)",10.1145/3640457.3688069,https://doi.org/10.1145/3640457.3688069,,,
505,2024,Reproducibility,,A Novel Evaluation Perspective on GNNs-based Recommender Systems through the Topology of the User-Item Graph,"Daniele Malitesta (Université Paris-Saclay, CentraleSupélec, Inria), Claudio Pomo (Politecnico di Bari), Vito Walter Anelli (Politecnico di Bari), Alberto Carlo Maria Mancino (Politecnico di Bari), Tommaso Di Noia (Politecnico di Bari) and Eugenio Di Sciascio (Politecnico di Bari)",10.1145/3640457.3688070,https://doi.org/10.1145/3640457.3688070,,,
506,2024,Reproducibility,,AMBAR: A dataset for Assessing Multiple Beyond-Accuracy Recommenders,"Elizabeth Gómez (Universitat de Barcelona), David Contreras (Universidad Arturo Prat), Ludovico Boratto (University of Cagliari) and Maria Salamo (Universitat de Barcelona)",10.1145/3640457.3688067,https://doi.org/10.1145/3640457.3688067,,,
507,2024,Reproducibility,,Context-based Entity Recommendation for Knowledge Workers: Establishing a Benchmark on Real-life Data,"Mahta Bakhshizadeh (German Research Center for Artificial Intelligence (DFKI); University of Kaiserslautern-Landau (RPTU)), Heiko Maus (German Research Center for Artificial Intelligence (DFKI)) and Andreas Dengel (German Research Center for Artificial Intelligence (DFKI); University of Kaiserslautern-Landau (RPTU))",10.1145/3640457.3688068,https://doi.org/10.1145/3640457.3688068,,,
508,2024,Reproducibility,,Do Recommender Systems Promote Local Music? A Reproducibility Study Using Music Streaming Data,"Kristina Matrosova (Geographie-Cités), Lilian Marey (Télécom Paris), Guillaume Salha-Galvan (Deezer Research), Thomas Louail (Geographie-Cités), Olivier Bodini (Université Sorbonne Paris Nord) and Manuel Moussallam (Deezer Research)",10.1145/3640457.3688065,https://doi.org/10.1145/3640457.3688065,,,
509,2024,Reproducibility,,Fair Augmentation for Graph Collaborative Filtering,"Ludovico Boratto (University of Cagliari), Francesco Fabbri (Spotify), Gianni Fenu (University of Cagliari), Mirko Marras (University of Cagliari) and Giacomo Medda (University of Cagliari)",10.1145/3640457.3688064,https://doi.org/10.1145/3640457.3688064,,,
510,2024,Reproducibility,,From Clicks to Carbon: The Environmental Toll of Recommender Systems,"Tobias Vente (University of Siegen), Lukas Wegmeth (University of Siegen), Alan Said (University of Gothenburg) and Joeran Beel (University of Siegen)",10.1145/3640457.3688074,https://doi.org/10.1145/3640457.3688074,,,
511,2024,Reproducibility,,Informfully – Research Platform for Reproducible User Studies,"Lucien Heitz (University of Zurich), Julian Andrea Croci (University of Zurich), Madhav Sachdeva (University of Zurich) and Abraham Bernstein (University of Zurich)",10.1145/3640457.3688066,https://doi.org/10.1145/3640457.3688066,,,
512,2024,Reproducibility,,Large Language Models as Evaluators for Recommendation Explanations,"Xiaoyu Zhang (Tsinghua University), Yishan Li (Tsinghua University), Jiayin Wang (Tsinghua Univeristy), Bowen Sun (Tsinghua Univeristy), Weizhi Ma (Tsinghua University), Peijie Sun (Tsinghua University) and Min Zhang (Tsinghua University)",10.1145/3640457.3688075,https://doi.org/10.1145/3640457.3688075,,,
513,2024,Reproducibility,,One-class Matrix Factorization: Point-Wise Regression-Based or Pair-Wise Ranking-Based?,Sheng-Wei Chen (National Taiwan University) and Chih-Jen Lin (National Taiwan University),10.1145/3640457.3688063,https://doi.org/10.1145/3640457.3688063,,,
514,2024,Reproducibility,,ReChorus2.0: A Modular and Task-Flexible Recommendation Library,"Jiayu Li (Tsinghua University), Hanyu Li (Tsinghua University), Zhiyu He (Tsinghua University), Weizhi Ma (Tsinghua University), Peijie Sun (Tsinghua University), Min Zhang (Tsinghua University) and Shaoping Ma (Tsinghua University)",10.1145/3640457.3688076,https://doi.org/10.1145/3640457.3688076,,,
515,2024,Reproducibility,,Reproducibility and Analysis of Scientific Dataset Recommendation Methods,"Ornella Irrera (University of Padua), Matteo Lissandrini (University of Verona), Daniele Dell’Aglio (Aalborg University) and Gianmaria Silvello (University of Padua)",10.1145/3640457.3688071,https://doi.org/10.1145/3640457.3688071,,,
516,2024,Reproducibility,,Reproducibility of LLM-based Recommender Systems: the Case Study of P5 Paradigm,"Pasquale Lops (University of Bari Aldo Moro), Antonio Silletti (University of Bari Aldo Moro), Marco Polignano (University of Bari Aldo Moro), Cataldo Musto (University of Bari Aldo Moro) and Giovanni Semeraro (University of Bari Aldo Moro)",10.1145/3640457.3688072,https://doi.org/10.1145/3640457.3688072,,,
517,2024,Reproducibility,,Revisiting BPR: A Replicability Study of a Common Recommender System Baseline,"Aleksandr Milogradskii (National Research University Higher School of Economics; TBank), Oleg Lashinin (Moscow Institute of Physics and Technology; TBank), Alexander P (Independent Researcher), Marina Ananyeva (National Research University Higher School of Economics; TBank) and Sergey Kolesnikov (TBank)",10.1145/3640457.3688073,https://doi.org/10.1145/3640457.3688073,,,
518,2024,Industry,,A Hybrid Multi-Agent Conversational Recommender System with LLM and Search Engine in E-commerce,"Guangtao Nie (JD.com), Rong Zhi (JD.com), Xiaofan Yan (JD.com), Yufan Du (JD.com), Xiangyang Zhang (JD.com), Jianwei Chen (JD.com), Mi Zhou (JD.com), Hongshen Chen (JD.com), Tianhao Li (JD.com), Ziguang Cheng (JD.com), Sulong Xu (JD.com) and Jinghe Hu (JD.com)",10.1145/3640457.3688061,https://doi.org/10.1145/3640457.3688061,,,
519,2024,Industry,,AI-assisted Coding with Cody: Lessons from Context Retrieval and Evaluation for Code Recommendations,"Jan Hartman (Sourcegraph), Hitesh Sagtani (Sourcegraph), Julie Tibshirani (Sourcegraph) and Rishabh Mehrotra (Sourcegraph)",10.1145/3640457.3688060,https://doi.org/10.1145/3640457.3688060,,,
520,2024,Industry,,Analyzing User Preferences and Quality Improvement on Bing’s WebPage Recommendation Experience with Large Language Models,"Jaidev Shah (Microsoft AI), Gang Luo (Microsoft AI), Jialin Liu (Microsoft AI), Amey Barapatre (Microsoft AI), Fan Wu (Microsoft AI), Chuck Wang (Microsoft AI) and Hongzhi Li (Microsoft AI)",10.1145/3640457.3688062,https://doi.org/10.1145/3640457.3688062,,,
521,2024,Industry,,Bootstrapping Conditional Retrieval for User-to-Item Recommendations,"Hongtao Lin (Pinterest), Haoyu Chen (Pinterest), Jaewon Yang (Pinterest) and Jiajing Xu (Pinterest)",10.1145/3640457.3688057,https://doi.org/10.1145/3640457.3688057,,,
522,2024,Industry,,Bridging the Gap: Unpacking the Hidden Challenges in Knowledge Distillation for Online Ranking Systems,"Nikhil Khani (Google LLC), Li Wei (Google LLC), Aniruddh Nath (Google LLC), Shawn Andrews (Google LLC), Shuo Yang (Google LLC), Yang Liu (Google LLC), Pendo Abbo (Google LLC), Maciej Kula (Google LLC), Jarrod Kahn (Google LLC), Zhe Zhao (University of California), Lichan Hong (Google LLC) and Ed Chi (Google LLC)",10.1145/3640457.3688055,https://doi.org/10.1145/3640457.3688055,,,
523,2024,Industry,,Co-optimize Content Generation and Consumption in a Large Scale Video Recommendation System,"Zhen Zhang (Google Inc.), Qingyun Liu (Google DeepMind), Yuening Li (Google Inc.), Sourabh Bansod (Google Inc.), Mingyan Gao (Google Inc.), Yaping Zhang (Google Inc.), Zhe Zhao (Google DeepMind), Lichan Hong (Google DeepMind), Ed H. Chi (Google DeepMind), Shuchao Bi (Google Inc.) and Liang Liu (Google Inc.)",10.1145/3640457.3688033,https://doi.org/10.1145/3640457.3688033,,,
524,2024,Industry,,Country-diverted experiments for mitigation of network effects,"Lina Lin (Google), Changping Meng (Google), Jennifer Brennan (Google), Jean Pouget-Abadie (Google), Ningren Han (Google), Shuchao Bi (Google) and Yajun Peng (Google)",10.1145/3640457.3688046,https://doi.org/10.1145/3640457.3688046,,,
525,2024,Industry,,Dynamic Product Image Generation and Recommendation at Scale for Personalized E-commerce,"Ádám Tibor Czapp (Taboola Budapest), Mátyás Jani (Taboola Budapest), Bálint Domián (Taboola Budapest) and Balázs Hidasi (Taboola Budapest)",10.1145/3640457.3688045,https://doi.org/10.1145/3640457.3688045,,,
526,2024,Industry,,Embedding based retrieval for long tail search queries in ecommerce,"Akshay Kekuda (Best Buy), Yuyang Zhang (Best Buy) and Arun Udayashankar (Best Buy)",10.1145/3640457.3688039,https://doi.org/10.1145/3640457.3688039,,,
527,2024,Industry,,Encouraging Exploration in Spotify Search through Query Recommendations,"Henrik Lindstrom (Spotify), Humberto Jesus Corona Pampin (Spotify), Enrico Palumbo (Spotify) and Alva Liu (Spotify)",10.1145/3640457.3688035,https://doi.org/10.1145/3640457.3688035,,,
528,2024,Industry,,Enhancing Performance and Scalability of Large-Scale Recommendation Systems with Jagged Flash Attention,"Rengan Xu (Meta Platforms), Junjie Yang (Meta Platforms), Yifan Xu (Meta Platforms), Hong Li (Meta Platforms), Xing Liu (Meta Platforms), Devashish Shankar (Meta Platforms), Haoci Zhang (Meta Platforms), Meng Liu (Meta Platforms), Boyang Li (Meta Platforms), Yuxi Hu (Meta Platforms), Mingwei Tang (Meta Platforms), Zehua Zhang (Meta Platforms), Tunhou Zhang (Meta Platforms), Dai Li (Meta Platforms), Sijia Chen (Meta Platforms), Gian-Paolo Musumeci (Meta Platforms), Jiaqi Zhai (Meta Platforms), Bill Zhu (Meta Platforms), Hong Yan (Meta Platforms) and Srihari Reddy (Meta Platforms)",10.1145/3640457.3688040,https://doi.org/10.1145/3640457.3688040,,,
529,2024,Industry,,Enhancing Recommendation Quality of the SASRec Model by Mitigating Popularity Bias,"Venkata Harshit Koneru (ZDF), Xenija Neufeld (Accso – Accelerated Solutions GmbH), Sebastian Loth (ZDF) and Andreas Grün (ZDF)",10.1145/3640457.3688044,https://doi.org/10.1145/3640457.3688044,,,
530,2024,Industry,,Entity-Aware Collections Ranking: A Joint Scoring Approach,"Sihao Chen (Shopee Pte. Ltd.), Sheng Li (Shopee Pte. Ltd.), Youhe Chen (Shopee Pte. Ltd.) and Dong Yang (Shopee Pte. Ltd.)",10.1145/3640457.3688038,https://doi.org/10.1145/3640457.3688038,,,
531,2024,Industry,,Explore versus repeat: insights from an online supermarket,Mariagiorgia Agnese Tandoi (Picnic Technologies) and Daniela Solis Morales (Picnic Technologies),10.1145/3640457.3688050,https://doi.org/10.1145/3640457.3688050,,,
532,2024,Industry,,Improving Data Efficiency for Recommenders and LLMs,"Noveen Sachdeva (Google DeepMind), Benjamin Coleman (Google DeepMind), Wang-Cheng Kang (Google DeepMind), Jianmo Ni (Google DeepMind), James Caverlee (Texas A&M University), Lichan Hong (Google DeepMind), Ed Chi (Google DeepMind) and Derek Zhiyuan Cheng (Google DeepMind)",10.1145/3640457.3688052,https://doi.org/10.1145/3640457.3688052,,,
533,2024,Industry,,Joint Modeling of Search and Recommendations Via an Unified Contextual Recommender (UniCoRn),"Moumita Bhattacharya (Netflix), Vito Ostuni (Netflix) and Sudarshan Lamkhede (Netflix)",10.1145/3640457.3688034,https://doi.org/10.1145/3640457.3688034,,,
534,2024,Industry,,Leveraging LLM generated labels to reduce bad matches in job recommendations,"Yingchi Pei (Indeed.com), Yi Wei Pang (Indeed.com) and Warren Cai (Indeed.com), Nilanjan Sengupta (Indeed.com) and Dheeraj Toshniwal (Indeed.com)",10.1145/3640457.3688043,https://doi.org/10.1145/3640457.3688043,,,
535,2024,Industry,,LyricLure: Mining Catchy Hooks in Song Lyrics to Enhance Music Discovery and Recommendation,"Siddharth Sharma (Amazon Inc.), Akshay Shukla (Amazon Inc.), Ajinkya Walimbe (Amazon Inc), Tarun Sharma (Amazon Inc) and Joaquin Delgado (Amazon)",10.1145/3640457.3688049,https://doi.org/10.1145/3640457.3688049,,,
536,2024,Industry,,More to Read at the Los Angeles Times: Solving a Cold Start Problem with LLMs to Improve Story Discovery,"Franklin Horn (Los Angeles Times), Aurelia Alston (Los Angeles Times) and Won J. You (Los Angeles Times)",10.1145/3640457.3688031,https://doi.org/10.1145/3640457.3688031,,,
537,2024,Industry,,Off-Policy Selection for Optimizing Ad Display Timing in Mobile Games (Samsung Instant Plays),"Katarzyna Siudek-Tkaczuk (Samsung R&D Institute Poland), Sławomir Kapka (Samsung R&D Institute Poland), Jędrzej Alchimowicz (Samsung R&D Institute Poland), Bartłomiej Swoboda (Samsung R&D Institute Poland) and Michał Romaniuk (Samsung R&D Institute Poland)",10.1145/3640457.3688058,https://doi.org/10.1145/3640457.3688058,,,
538,2024,Industry,,Optimizing for Participation in Recommender System,"Yuan Shao (Google), Bibang Liu (Google), Sourabh Bansod (Google), Arnab Bhadury (Google), Mingyan Gao (Google) and Yaping Zhang (Google)",10.1145/3640457.3688042,https://doi.org/10.1145/3640457.3688042,,,
539,2024,Industry,,Pareto Front Approximation for Multi-Objective Session-Based Recommender Systems,"Timo Wilm (OTTO (GmbH & Co KG)), Philipp Normann (OTTO (GmbH & Co KG)) and Felix Stepprath (OTTO (GmbH & Co KG))",10.1145/3640457.3688048,https://doi.org/10.1145/3640457.3688048,,,
540,2024,Industry,,Playlist Search Reinvented: LLMs Behind the Curtain,"Geetha Sai Aluri (Amazon), Siddharth Sharma (Amazon), Tarun Sharma (Amazon) and Joaquin Delgado (Amazon)",10.1145/3640457.3688047,https://doi.org/10.1145/3640457.3688047,,,
541,2024,Industry,,Powerful A/B-Testing Metrics and Where to Find Them,"Olivier Jeunen (ShareChat), Shubham Baweja (ShareChat), Neeti Pokharna (ShareChat) and Aleksei Ustimenko (ShareChat)",10.1145/3640457.3688036,https://doi.org/10.1145/3640457.3688036,,,
542,2024,Industry,,Privacy Preserving Conversion Modeling in Data Clean Room,"Kungang Li (Pinterest), Xiangyi Chen (Pinterest), Ling Leng (Pinterest), Jiajing Xu (Pinterest), Jiankai Sun (Pinterest) and Behnam Rezaei (Pinterest)",10.1145/3640457.3688054,https://doi.org/10.1145/3640457.3688054,,,
543,2024,Industry,,Ranking Across Different Content Types: The Robust Beauty of Multinomial Blending,"Jan Malte Lichtenberg (Amazon), Giuseppe Di Benedetto (Amazon) and Matteo Ruffini (Albatross AI)",10.1145/3640457.3688059,https://doi.org/10.1145/3640457.3688059,,,
544,2024,Industry,,Scale-Invariant Learning-to-Rank,"Alessio Petrozziello (Expedia Group), Christian Sommeregger (Expedia Group) and Ye-Sheen Lim (Expedia Group)",10.1145/3640457.3688032,https://doi.org/10.1145/3640457.3688032,,,
545,2024,Industry,,Self-Auxiliary Distillation for Sample Efficient Learning in Google-Scale Recommenders,"Yin Zhang (Google DeepMind), Ruoxi Wang (Google DeepMind), Xiang Li (Google, Inc), Tiansheng Yao (Google, Inc), Andrew Evdokimov (Google, Inc), Jonathan Valverde (Google DeepMind), Yuan Gao (Google, Inc), Jerry Zhang (Google, Inc), Evan Ettinger (Google, Inc), Ed H. Chi (Google DeepMind) and Derek Zhiyuan Cheng (Google DeepMind)",10.1145/3640457.3688041,https://doi.org/10.1145/3640457.3688041,,,
546,2024,Industry,,Short-form Video Needs Long-term Interests: An Industrial Solution for Serving Large User Sequence Models,"Yuening Li (Google), Diego Uribe (Google), Chuan He (Google), Jiaxi Tang (Google DeepMind), Qingyun Liu (Google DeepMind), Junjie Shan (Google), Ben Most (Google), Kaushik Kalyan (Google), Shuchao Bi (Google), Xinyang Yi (Google DeepMind), Lichan Hong (Google DeepMind), Ed Chi (Google DeepMind) and Liang Liu (Google)",10.1145/3640457.3688030,https://doi.org/10.1145/3640457.3688030,,,
547,2024,Industry,,Sliding Window Training – Utilizing Historical Recommender Systems Data for Foundation Models,"Swanand Joshi (Netflix), Yesu Feng (Netflix), Ko-Jen Hsiao (Netflix), Zhe Zhang (Netflix) and Sudarshan Lamkhede (Netflix)",10.1145/3640457.3688051,https://doi.org/10.1145/3640457.3688051,,,
548,2024,Industry,,Taming the One-Epoch Phenomenon in Online Recommendation System by Two-stage Contrastive ID Pre-training,"Yi-Ping Hsu (Pinterest), Po-Wei Wang (Pinterest), Chantat Eksombatchai (Pinterest) and Jiajing Xu (Pinterest)",10.1145/3640457.3688053,https://doi.org/10.1145/3640457.3688053,,,
549,2024,Industry,,Toward 100TB Recommendation Models with Embedding Offloading,"Intaik Park (Meta), Ehsan Ardestani (Meta), Damian Reeves (Meta), Sarunya Pumma (Meta), Henry Tsang (Meta), Levy Zhao (Meta), Jian He (Meta), Joshua Deng (Meta), Dennis Van der Staay (Meta), Yu Guo (Meta) and Paul Zhang (Meta)",10.1145/3640457.3688037,https://doi.org/10.1145/3640457.3688037,,,
550,2024,Industry,,Towards Understanding The Gaps of Offline And Online Evaluation Metrics: Impact of Series vs. Movie Recommendations,"Bora Edizel (Warner Bros. Discovery), Tim Sweetser (StubHub), Ashok Chandrashekar (Warner Bros. Discovery), Kamilia Ahmadi (Warner Bros. Discovery) and Puja Das (Warner Bros. Discovery)",10.1145/3640457.3688056,https://doi.org/10.1145/3640457.3688056,,,
551,2024,Industry,,Why the Shooting in the Dark Method Dominates Recommender Systems Practice,David Rohde (Criteo),10.1145/3640457.3688029,https://doi.org/10.1145/3640457.3688029,,,
552,2024,LBR,,Are We Explaining the Same Recommenders? Incorporating Recommender Performance for Evaluating Explainers,"Amir Reza Mohammadi (University of Innsbruck), Andreas Peintner (University of Innsbruck), Michael Müller (University of Innsbruck) and Eva Zangerle (University of Innsbruck)",10.1145/3640457.3691709,https://doi.org/10.1145/3640457.3691709,,,
553,2024,LBR,,Balancing Habit Repetition and New Activity Exploration: A Longitudinal Micro-Randomized Trial in Physical Activity Recommendations,"Ine Coppens (WAVES – imec – Ghent University), Toon De Pessemier (WAVES – imec – Ghent University) and Luc Martens (WAVES – imec – Ghent University)",10.1145/3640457.3691715,https://doi.org/10.1145/3640457.3691715,,,
554,2024,LBR,,beeFormer: Bridging the Gap Between Semantic and Interaction Similarity in Recommender Systems,"Vojtěch Vančura (Czech Technical University), Pavel Kordík (Czech Technical University) and Milan Straka (Charles University)",10.1145/3640457.3691707,https://doi.org/10.1145/3640457.3691707,,,
555,2024,LBR,,"Democratizing Urban Mobility Through an Open-Source, Multi-Criteria Route Recommendation System","Alexander Eggerth (ETH Zurich), Javier Argota Sánchez-Vaquerizo (ETH Zurich), Dirk Helbing (ETH Zurich) and Sachit Mahajan (ETH Zurich)",10.1145/3640457.3691702,https://doi.org/10.1145/3640457.3691702,,,
556,2024,LBR,,Enhancing Sequential Music Recommendation with Personalized Popularity Awareness,"Davide Abbattista (Politecnico di Bari), Vito Walter Anelli (Politecnico di Bari), Tommaso Di Noia (Politecnico di Bari), Craig Macdonald (University of Glasgow) and Aleksandr Vladimirovich Petrov (University of Glasgow)",10.1145/3640457.3691719,https://doi.org/10.1145/3640457.3691719,,,
557,2024,LBR,,Exploratory Analysis of Recommending Urban Parks for Health-Promoting Activities,"Linus W. Dietz (King’s College London), Sanja Šćepanović (Nokia Bell Labs), Ke Zhou (Nokia Bell Labs) and Daniele Quercia (Nokia Bell Labs)",10.1145/3640457.3691712,https://doi.org/10.1145/3640457.3691712,,,
558,2024,LBR,,Exploring Coresets for Efficient Training and Consistent Evaluation of Recommender Systems,"Zheng Ju (University College Dublin), Honghui Du (University College Dublin), Elias Tragos (University College Dublin), Neil Hurley (University College Dublin) and Aonghus Lawlor (University College Dublin)",10.1145/3640457.3691716,https://doi.org/10.1145/3640457.3691716,,,
559,2024,LBR,,Informed Dataset Selection with ‘Algorithm Performance Spaces’,"Joeran Beel (University of Siegen), Lukas Wegmeth (University of Siegen), Lien Michiels (University of Antwerp) and Steffen Schulz (University of Siegen)",10.1145/3640457.3691704,https://doi.org/10.1145/3640457.3691704,,,
560,2024,LBR,,Is It Really Complementary? Revisiting Behavior-based Labels for Complementary Recommendation,"Kai Sugahara (The University of Electro-Communications), Chihiro Yamasaki (The University of Electro-Communications) and Kazushi Okamoto (The University of Electro-Communications)",10.1145/3640457.3691705,https://doi.org/10.1145/3640457.3691705,,,
561,2024,LBR,,KGGLM: A Generative Language Model for Generalizable Knowledge Graph Representation Learning in Recommendation,"Giacomo Balloccu (University of Cagliari), Ludovico Boratto (University of Cagliari), Gianni Fenu (University of Cagliari), Mirko Marras (University of Cagliari) and Alessandro Soccol (University of Cagliari)",10.1145/3640457.3691703,https://doi.org/10.1145/3640457.3691703,,,
562,2024,LBR,,Less is More: Towards Sustainability-Aware Persuasive Explanations in Recommender Systems,"Thi Ngoc Trang Tran (Graz University of Technology), Seda Polat Erdeniz (Graz University of Technology), Alexander Felfernig (Graz University of Technology), Sebastian Lubos (Graz University of Technology), Merfat El Mansi (Graz University of Technology) and Viet-Man Le (Graz University of Technology)",10.1145/3640457.3691708,https://doi.org/10.1145/3640457.3691708,,,
563,2024,LBR,,Leveraging Monte Carlo Tree Search for Group Recommendation,"Antonela Tommasel (CONICET-UNCPBA, ISISTAN) and J. Andres Diaz-Pace (CONICET-UNCPBA, ISISTAN)",10.1145/3640457.3691713,https://doi.org/10.1145/3640457.3691713,,,
564,2024,LBR,,Recommender Systems Algorithm Selection for Ranking Prediction on Implicit Feedback Datasets,"Lukas Wegmeth (University of Siegen), Tobias Vente (University of Siegen) and Joeran Beel (University of Siegen)",10.1145/3640457.3691718,https://doi.org/10.1145/3640457.3691718,,,
565,2024,LBR,,Social Choice for Heterogeneous Fairness in Recommendation,"Amanda Aird (University of Colorado Boulder), Elena Štefancová (Comenius University Bratislava), Cassidy All (University of Colorado Boulder), Amy Voida (University of Colorado Boulder), Martin Homola (Comenius University Bratislava), Nicholas Mattei (Tulane University) and Robin Burke (University of Colorado Boulder)",10.1145/3640457.3691706,https://doi.org/10.1145/3640457.3691706,,,
566,2024,LBR,,TLRec: A Transfer Learning Framework to Enhance Large Language Models for Sequential Recommendation Tasks,"Jiaye Lin (Tsinghua University), Shuang Peng (Zhejiang Lab), Zhong Zhang (Tencent AI Lab) and Peilin Zhao (Tencent AI Lab)",10.1145/3640457.3691710,https://doi.org/10.1145/3640457.3691710,,,
567,2024,LBR,,Understanding Fairness in Recommender Systems: A Healthcare Perspective,Veronica Kecki (University of Gothenburg) and Alan Said (University of Gothenburg),10.1145/3640457.3691711,https://doi.org/10.1145/3640457.3691711,,,
568,2024,LBR,,User knowledge prompt for sequential recommendation,Yuuki Tachioka (Denso IT Laboratory),10.1145/3640457.3691714,https://doi.org/10.1145/3640457.3691714,,,
569,2024,LBR,,What to compare? Towards understanding user sessions on price comparison platforms,Ahmadou Wagne (TU Wien) and Julia Neidhardt (TU Wien),10.1145/3640457.3691717,https://doi.org/10.1145/3640457.3691717,,,
570,2024,Demos,,A Tool for Explainable Pension Fund Recommendations using Large Language Models,"Eduardo Alves da Silva (IComp – Institute of Computing, Federal University of Amazonas; University of Vale do Itajaí; Saks Global), Leandro Balby Marinho (Federal University of Campina Grande), Edleno Silva de Moura (IComp – Institute of Computing, Federal University of Amazonas) and Altigran Soares da Silva (IComp – Institute of Computing, Federal University of Amazonas)",10.1145/3640457.3691699,https://doi.org/10.1145/3640457.3691699,,,
571,2024,Demos,,GenUI(ne) CRS: UI Elements and Retrieval-Augmented Generation in Conversational Recommender Systems with LLMs,"Ulysse Maes (Vrije Universiteit Brussel), Lien Michiels (Vrije Universiteit Brussel; University of Antwerp) and Annelien Smets (Vrije Universiteit Brussel)",10.1145/3640457.3691697,https://doi.org/10.1145/3640457.3691697,,,
572,2024,Demos,,Multi-Preview Recommendation via Reinforcement Learning,"Yang Xu (North Carolina State University), Kuan-Ting Lai (Microsoft), Pengcheng Xiong (Microsoft) and Zhong Wu (Microsoft)",10.1145/3640457.3691698,https://doi.org/10.1145/3640457.3691698,,,
573,2024,Demos,,RePlay: a Recommendation Framework for Experimentation and Production Use,"Alexey Vasilev (Sber AI Lab), Anna Volodkevich (Sber AI Lab), Denis Kulandin (Sber AmazMe), Tatiana Bysheva (Sber AmazMe) and Anton Klenitskiy (Sber AI Lab)",10.1145/3640457.3691701,https://doi.org/10.1145/3640457.3691701,,,
574,2024,Demos,,Rs4rs: Semantically Find Recent Publications from Top Recommendation System-Related Venues,"Tri Kurniawan Wijaya (Huawei Ireland Research Centre), Edoardo D’Amico (Huawei Ireland Research Centre), Gabor Fodor (Huawei Ireland Research Centre) and Manuel V. Loureiro (Huawei Ireland Research Centre)",10.1145/3640457.3691696,https://doi.org/10.1145/3640457.3691696,,,
575,2024,Demos,,Stalactite: toolbox for fast prototyping of vertical federated learning systems,"Anastasiia Zakharova (ITMO University), Dmitriy Alexandrov (ITMO University), Maria Khodorchenko (ITMO University), Nikolay Butakov (ITMO University), Alexey Vasilev (Sber AI Lab), Maxim Savchenko (Sber AI Lab) and Alexander Grigorievskiy (Independent Researcher)",10.1145/3640457.3691700,https://doi.org/10.1145/3640457.3691700,,,
576,2024,Doctoral,,A New Perspective in Health Recommendations: Integration of Human Pose Estimation,Gaetano Dibenedetto (University of Bari Aldo Moro),10.1145/3640457.3688026,https://doi.org/10.1145/3640457.3688026,,,
577,2024,Doctoral,,AI-based Human-Centered Recommender Systems: Empirical Experiments and Research Infrastructure,Ruixuan Sun (University of Minnesota),10.1145/3640457.3688012,https://doi.org/10.1145/3640457.3688012,,,
578,2024,Doctoral,,Bias in Book Recommendation,Savvina Daniil (CWI),10.1145/3640457.3688025,https://doi.org/10.1145/3640457.3688025,,,
579,2024,Doctoral,,Bridging Viewpoints in News with Recommender Systems,"Jia Hua Jeng (MediaFutures, University of Bergen)",10.1145/3640457.3688008,https://doi.org/10.1145/3640457.3688008,,,
580,2024,Doctoral,,CEERS: Counterfactual Evaluations of Explanations in Recommender Systems,Mikhail Baklanov (Tel Aviv University),10.1145/3640457.3688015,https://doi.org/10.1145/3640457.3688015,,,
581,2024,Doctoral,,Enhancing Cross-Domain Recommender Systems with LLMs: Evaluating Bias and Beyond-Accuracy Measures,Thomas Elmar Kolb (TU Wien),10.1145/3640457.3688027,https://doi.org/10.1145/3640457.3688027,,,
582,2024,Doctoral,,Enhancing Privacy in Recommender Systems through Differential Privacy Techniques,Angela Di Fazio (Politecnico di Bari),10.1145/3640457.3688019,https://doi.org/10.1145/3640457.3688019,,,
583,2024,Doctoral,,Evaluating the Pros and Cons of Recommender Systems Explanations,Kathrin Wardatzky (University of Zurich),10.1145/3640457.3688011,https://doi.org/10.1145/3640457.3688011,,,
584,2024,Doctoral,,Explainability in Music Recommender System,Shahrzad Shashaani (TU Wien),10.1145/3640457.3688028,https://doi.org/10.1145/3640457.3688028,,,
585,2024,Doctoral,,Explainable and Faithful Educational Recommendations through Causal Language Modelling via Knowledge Graphs,Neda Afreen (University of Cagliari),10.1145/3640457.3688022,https://doi.org/10.1145/3640457.3688022,,,
586,2024,Doctoral,,Explainable Multi-Stakeholder Job Recommender Systems,Roan Schellingerhout (Maastricht University),10.1145/3640457.3688014,https://doi.org/10.1145/3640457.3688014,,,
587,2024,Doctoral,,Fairness and Transparency in Music Recommender Systems: Improvements for Artists,Karlijn Dinnissen (Utrecht University),10.1145/3640457.3688024,https://doi.org/10.1145/3640457.3688024,,,
588,2024,Doctoral,,Fairness Explanations in Recommender Systems,Luan Souza (University of São Paulo),10.1145/3640457.3688020,https://doi.org/10.1145/3640457.3688020,,,
589,2024,Doctoral,,How to Evaluate Serendipity in Recommender Systems: the Need for a Serendiptionnaire,"Brett Binst (imec-SMIT, Vrije Universiteit Brussel)",10.1145/3640457.3688017,https://doi.org/10.1145/3640457.3688017,,,
590,2024,Doctoral,,Integrating Matrix Factorization with Graph based Models,Rachana Mehta (Pandit Deendayal Energy University),10.1145/3640457.3688013,https://doi.org/10.1145/3640457.3688013,,,
591,2024,Doctoral,,Learning Personalized Health Recommendations via Offline Reinforcement Learning,Larry Preuett (University of Washington),10.1145/3640457.3688021,https://doi.org/10.1145/3640457.3688021,,,
592,2024,Doctoral,,Multimodal Representation Learning for High-Quality Recommendations in Cold-Start and Beyond-Accuracy,Marta Moscati (Johannes Kepler University Linz),10.1145/3640457.3688009,https://doi.org/10.1145/3640457.3688009,,,
593,2024,Doctoral,,Personal Values and Community-Centric Environmental Recommender Systems: Enhancing Sustainability Through User Engagement,Bianca Maria Deconcini (University of Turin),10.1145/3640457.3688018,https://doi.org/10.1145/3640457.3688018,,,
594,2024,Doctoral,,Supporting Knowledge Workers through Personal Information Assistance with Context-aware Recommender Systems,Mahta Bakhshizadeh (German Research Center for Artificial Intelligence – DFKI),10.1145/3640457.3688010,https://doi.org/10.1145/3640457.3688010,,,
595,2024,Doctoral,,Towards Sustainable Recommendations in Urban Tourism,Pavel Merinov (Free University of Bozen-Bolzano),10.1145/3640457.3688016,https://doi.org/10.1145/3640457.3688016,,,
596,2024,Doctoral,,Towards Symbiotic Recommendations: Leveraging LLMs for Conversational Recommendation Systems,Alessandro Petruzzelli (University of Bari Aldo Moro),10.1145/3640457.3688023,https://doi.org/10.1145/3640457.3688023,,,
597,2025,Full Papers,,A Language Model-Based Playlist Generation Recommender System,"Enzo Charolois-Pasqua (EURECOM), Eléa Vellard (EURECOM), Youssra Rebboud (EURECOM), Pasquale Lisena (EURECOM), Raphaël Troncy (EURECOM)",10.1145/3705328.3748053,https://doi.org/10.1145/3705328.3748053,,,
598,2025,Full Papers,,A Multi-Factor Collaborative Prediction for Review-based Recommendation,"Junrui Liu (Beijing University of Technology), Tong Li (Beijing University of Technology), Mingliang Yu (TravelSky Technology Limited), Shiqiu Yang (Beijing University of Technology), Zifang Tang (Beijing University of Technology), Zhen Yang (Beijing University of Technology)",10.1145/3705328.3748062,https://doi.org/10.1145/3705328.3748062,,,
599,2025,Full Papers,,A Non-Parametric Choice Model That Learns How Users Choose Between Recommended Options,"Thorsten Krause (Radboud University), Harrie Oosterhuis (Radboud University)",10.1145/3705328.3748090,https://doi.org/10.1145/3705328.3748090,,,
600,2025,Full Papers,,Affect-aware Cross-Domain Recommendation for Art Therapy via Music Preference Elicitation,"Bereket A. Yilma (University of Luxembourg), Luis A. Leiva (University of Luxembourg)",10.1145/3705328.3748084,https://doi.org/10.1145/3705328.3748084,,,
601,2025,Full Papers,,An Off-Policy Learning Approach for Steering Sentence Generation towards Personalization,"Haruka Kiyohara (Cornell University), Daniel Cao (Cornell University), Yuta Saito (Cornell University), Thorsten Joachims (Cornell University)",10.1145/3705328.3748088,https://doi.org/10.1145/3705328.3748088,,,
602,2025,Full Papers,,Auditing Recommender Systems for User Empowerment in Very Large Online Platforms under the Digital Services Act,"Matteo Fabbri (IMT School for Advanced Studies Lucca), Ludovico Boratto (University of Cagliari)",10.1145/3705328.3748074,https://doi.org/10.1145/3705328.3748074,,,
603,2025,Full Papers,,Beyond Immediate Click: Engagement-Aware and MoE-Enhanced Transformers for Sequential Movie Recommendation,"Haotian Jiang (Amazon Prime Video), Sibendu Paul (Amazon Prime Video), Haiyang Zhang (Amazon Prime Video), Caren Chen (Amazon Prime Video)",10.1145/3705328.3748076,https://doi.org/10.1145/3705328.3748076,,,
604,2025,Full Papers,,Breaking Knowledge Boundaries: Cognitive Distillation-enhanced Cross-Behavior Course Recommendation Model,"Ruoyu Li (Xidian University), Yangtao Zhou (Xidian University), Chenzhang Li (Xidian University), Hua Chu (Xidian University), Jianan Li (Xidian University), Yuhan Bian (Xidian University)",10.1145/3705328.3748083,https://doi.org/10.1145/3705328.3748083,,,
605,2025,Full Papers,,Enhancing Online Video Recommendation via a Coarse-to-fine Dynamic Uplift Modeling Framework,"Chang Meng (Kuaishou Technology), Chenhao Zhai (Tsinghua University), Xueliang Wang (Kuaishou Technology), Shuchang Liu (Kuaishou Technology), Xiaoqiang Feng (Kuaishou Technology), Lantao Hu (Kuaishou Technology), Xiu Li (Tsinghua University), Han Li (Kuaishou Technology), Kun Gai (Kuaishou Technology)",10.1145/3705328.3748070,https://doi.org/10.1145/3705328.3748070,,,
606,2025,Full Papers,,Enhancing Sequential Recommender with Large Language Models for Joint Video and Comment Recommendation,"Bowen Zheng (Renmin University of China), Zihan Lin (Kuaishou Technology), Enze Liu (Renmin University of China), Chen Yang (Renmin University of China), Enyang Bai (Kuaishou Technology), Cheng Ling (Kuaishou Technology), Han Li (Kuaishou Technology), Wayne Xin Zhao (Renmin University of China), Ji-Rong Wen (Renmin University of China)",10.1145/3705328.3748075,https://doi.org/10.1145/3705328.3748075,,,
607,2025,Full Papers,,Enhancing Transferability and Consistency in Cross-Domain Recommendations via Supervised Disentanglement,"Yuhan Wang (Wuhan University of Technology), Qing Xie (Wuhan University of Technology), Zhifeng Bao (School of Computing Technologies, RMIT University), Mengzi Tang (Wuhan University of Technology), Lin Li (Wuhan University of Technology), Yongjian Liu (Wuhan University of Technology)",10.1145/3705328.3748044,https://doi.org/10.1145/3705328.3748044,,,
608,2025,Full Papers,,Exploring Scaling Laws of CTR Model for Online Performance Improvement,"Weijiang Lai (Institute of Software,Chinese Academy of Sciences), Beihong Jin (Institute of Software Chinese Academy of Sciences), Jiongyan Zhang (Meituan), Yiyuan Zheng (Institute of Software Chinese Academy of Sciences), Jian Dong (Meituan), Jia Cheng (Meituan), Jun Lei (Meituan), Xingxing Wang (Meituan)",10.1145/3705328.3748046,https://doi.org/10.1145/3705328.3748046,,,
609,2025,Full Papers,,GenSAR: Unifying Balanced Search and Recommendation with Generative Retrieval,"Teng Shi (Renmin University of China), Jun Xu (Renmin University of China), Xiao Zhang (Renmin University of China), Xiaoxue Zang (Kuaishou Technology Co., Ltd.), Kai Zheng (Kuaishou Technology Co.. Ltd.), Yang Song (Kuaishou Technology Co., Ltd.), Enyun Yu (Independent)",10.1145/3705328.3748071,https://doi.org/10.1145/3705328.3748071,,,
610,2025,Full Papers,,GRACE: Generative Recommendation via Journey-Aware Sparse Attention on Chain-of-Thought Tokenization,"Luyi Ma (Walmart Global Tech), Wanjia Zhang (Walmart Global Tech), Kai Zhao (Walmart Global Tech), Abhishek Kulkarni (Walmart Global Tech), Lalitesh Morishetti (Walmart Global Tech), Anjana Ganesh (Walmart Global Tech), Ashish Ranjan (Walmart Global Tech), Aashika Padmanabhan (Walmart Global Tech), Jianpeng Xu (Walmart Global Tech), Jason H.D. Cho (Walmart Global Tech), Praveen Kumar Kanumala (Walmart Inc), Kaushiki Nag (Walmart), Sumit Dutta (Walmart Global Tech), Kamiya Motwani (Walmart Global Tech), Malay Patel (Walmart Global Tech), Evren Korpeoglu (Walmart), Sushant Kumar (Walmart Global Tech), Kannan Achan (Walmart Global Tech)",10.1145/3705328.3748056,https://doi.org/10.1145/3705328.3748056,,,
611,2025,Full Papers,,Heterogeneous User Modeling for LLM-based Recommendation,"Honghui Bao (National University of Singapore), Wenjie Wang (University of Science and Technology of China), Xinyu Lin (National University of Singapore), Fengbin Zhu (National University of Singapore), Teng Sun (Shandong University), Fuli Feng (University of Science and Technology of China), Tat-Seng Chua (National University of Singapore)",10.1145/3705328.3748085,https://doi.org/10.1145/3705328.3748085,,,
612,2025,Full Papers,,Hierarchical Graph Information Bottleneck for Multi-Behavior Recommendation,"Hengyu Zhang (The Chinese University of Hong Kong), Chunxu Shen (WeChat, Tencent), Xiangguo Sun (The Chinese University of Hong Kong), Jie Tan (The Chinese University of Hong Kong), Yanchao Tan (Fuzhou University), Yu Rong (The Chinese University of Hong Kong), Hong Cheng (The Chinese University of Hong Kong), Lingling Yi (WeChat, Tencent)",10.1145/3705328.3748073,https://doi.org/10.1145/3705328.3748073,,,
613,2025,Full Papers,,How Do Users Perceive Recommender Systems’ Objectives?,"Patrik Dokoupil (Faculty of Mathematics and Physics, Charles University), Ludovico Boratto (University of Cagliari), Ladislav Peska (Faculty of Mathematics and Physics, Charles University)",10.1145/3705328.3748066,https://doi.org/10.1145/3705328.3748066,,,
614,2025,Full Papers,,Integrating Individual and Group Fairness for Recommender Systems through Social Choice,"Amanda Aird (University of Colorado Boulder), Elena Štefancová (Comenius University Bratislava), Anas Buhayh (University of Colorado Boulder), Cassidy All (Department of Information Science; University of Colorado, Boulder), Martin Homola (Comenius University Bratislava), Nicholas Mattei (Tulane University), Robin Burke (University of Colorado, Boulder)",10.1145/3705328.3748087,https://doi.org/10.1145/3705328.3748087,,,
615,2025,Full Papers,,IP2: Entity-Guided Interest Probing for Personalized News Recommendation,"Youlin Wu (Dalian University of Technology), Yuanyuan Sun (Dalian University of Technology), Xiaokun Zhang (City University of Hong Kong), Haoxi Zhan (Dalian University of Technology), Bo Xu (Dalian University of Technology), Liang Yang (Dalian University of Technology), Hongfei Lin (Dalian University of Technology)",10.1145/3705328.3748091,https://doi.org/10.1145/3705328.3748091,,,
616,2025,Full Papers,,LANCE: Exploration and Reflection for LLM-based Textual Attacks on News Recommender Systems,"Yuyue Zhao (University of Science and Technology of China), Jin Huang (University of Cambridge), Shuchang Liu (Rutgers University), Jiancan Wu (University of Science and Technology of China), Xiang Wang (University of Science and Technology of China), Maarten de Rijke (University of Amsterdam)",10.1145/3705328.3748081,https://doi.org/10.1145/3705328.3748081,,,
617,2025,Full Papers,,Lasso: Large Language Model-based User Simulator for Cross-Domain Recommendation,"Yue Chen (College of Computer Science, Sichuan University), Susen Yang (kuaishou Technology), Tong Zhang (College of Computer Science, Sichuan University), Chao Wang (Kuaishou Technology), Mingyue Cheng (State Key Laboratory of Cognitive Intelligence, University of Science and Technology of China), Chenyi Lei (Kuaishou Technology), Han Li (Kuaishou Technology)",10.1145/3705328.3748048,https://doi.org/10.1145/3705328.3748048,,,
618,2025,Full Papers,,"LEAF: Lightweight, Efficient, Adaptive and Flexible Embedding for Large-Scale Recommendation Models","Chaoyi Jiang (University of Southern California), Abdulla Alshabanah (University of Southern California), Murali Annavaram (University of Southern California)",10.1145/3705328.3748078,https://doi.org/10.1145/3705328.3748078,,,
619,2025,Full Papers,,Leave No One Behind: Fairness-Aware Cross-Domain Recommender Systems for Non-Overlapping Users,"Weixin Chen (Hong Kong Baptist University), Yuhan Zhao (Hong Kong Baptist University), Li Chen (Hong Kong Baptist University), Weike Pan (Shenzhen University)",10.1145/3705328.3748082,https://doi.org/10.1145/3705328.3748082,,,
620,2025,Full Papers,,LLM-RecG: A Semantic Bias-Aware Framework for Zero-Shot Sequential Recommendation,"Yunzhe Li (University of Illinois, Urbana-Champaign), Junting Wang (University of Illinois at Urbana-Champaign), Hari Sundaram (University of Illinois at Urbana-Champaign), Zhining Liu (University of Illinois at Urbana Champaign)",10.1145/3705328.3748077,https://doi.org/10.1145/3705328.3748077,,,
621,2025,Full Papers,,LONGER: Scaling Up Long Sequence Modeling in Industrial Recommenders,"Zheng Chai (ByteDance), Qin Ren (ByteDance), Xijun Xiao (ByteDance), Huizhi Yang (ByteDance), Bo Han (ByteDance), Sijun Zhang (ByteDance), Di Chen (ByteDance), Hui Lu (ByteDance), Wenlin Zhao (ByteDance), Lele Yu (ByteDance), Xionghang Xie (ByteDance), Shiru Ren (ByteDance), Xiang Sun (ByteDance), Yaocheng Tan (ByteDance), Peng Xu (ByteDance), Yuchao Zheng (ByteDance), Di Wu (ByteDance)",10.1145/3705328.3748065,https://doi.org/10.1145/3705328.3748065,,,
622,2025,Full Papers,,Mapping Stakeholder Needs to Multi-Sided Fairness in Candidate Recommendation for Algorithmic Hiring,"Mesut Kaya (Jobindex A/S), Toine Bogers (IT University of Copenhagen)",10.1145/3705328.3748079,https://doi.org/10.1145/3705328.3748079,,,
623,2025,Full Papers,,MDSBR: Multimodal Denoising for Session-based Recommendation,"Yutong Li (University College London), Xinyi Zhang (Imperial College London)",10.1145/3705328.3748061,https://doi.org/10.1145/3705328.3748061,,,
624,2025,Full Papers,,Measuring Interaction-Level Unlearning Difficulty for Collaborative Filtering,"Haocheng Dou (Taiyuan University of Technology), Tao Lian (Taiyuan University of Technology), Xin Xin (Shandong University)",10.1145/3705328.3748092,https://doi.org/10.1145/3705328.3748092,,,
625,2025,Full Papers,,Modeling Long-term User Behaviors with Diffusion-driven Multi-interest Network for CTR Prediction,"Weijiang Lai (Institute of Software,Chinese Academy of Sciences), Beihong Jin (Institute of Software Chinese Academy of Sciences), Yapeng Zhang (Meituan), Yiyuan Zheng (Institute of Software Chinese Academy of Sciences), Rui Zhao (Institute of Software Chinese Academy of Sciences), Jian Dong (Meituan), Jun Lei (Meituan), Xingxing Wang (Meituan)",10.1145/3705328.3748045,https://doi.org/10.1145/3705328.3748045,,,
626,2025,Full Papers,,MoRE: A Mixture of Reflectors Framework for Large Language Model-Based Sequential Recommendation,"Weicong Qin (Gaoling School of Artificial Intelligence, Renmin University of China), Yi Xu (Gaoling School of Artificial Intelligence, Renmin University of China), Weijie Yu (School of Information Technology and Management, University of International Business and Economics), Chenglei Shen (Gaoling School of Artificial Intelligence, Renmin University of China), Xiao Zhang (Gaoling School of Artificial Intelligence, Renmin University of China), Ming He (AI Lab at Lenovo Research, Lenovo Group Limited), Jianping Fan (AI Lab at Lenovo Research, Lenovo Group Limited), Jun Xu (Gaoling School of Artificial Intelligence, Renmin University of China)",10.1145/3705328.3748055,https://doi.org/10.1145/3705328.3748055,,,
627,2025,Full Papers,,Multi-Granularity Distribution Modeling for Video Watch Time Prediction via Exponential-Gaussian Mixture Network,"Xu Zhao (Xiaohongshu), Ruibo Ma (Xiaohongshu), Jiaqi Chen (Xiaohongshu), Weiqi Zhao (Xiaohongshu), Ping Yang (Xiaohongshu), Yao Hu (Xiaohongshu)",10.1145/3705328.3748080,https://doi.org/10.1145/3705328.3748080,,,
628,2025,Full Papers,,NLGCL: Naturally Existing Neighbor Layers Graph Contrastive Learning for Recommendation,"Jinfeng Xu (The University of Hong Kong), Zheyu Chen (The Hong Kong Polytechnic University), Shuo Yang (The Univerisity of Hong Kong), Jinze Li (The University of Hong Kong), Hewei Wang (Carnegie Mellon University), Wei Wang (Shenzhen MSU-BIT University), Xiping Hu (Beijing Institute of Technology), Edith Ngai (The University of Hong Kong)",10.1145/3705328.3748059,https://doi.org/10.1145/3705328.3748059,,,
629,2025,Full Papers,,Non-parametric Graph Convolution for Re-ranking in Recommendation Systems,"Zhongyu Ouyang (Dartmouth College), Mingxuan Ju (Snap Inc.), Soroush Vosoughi (Dartmouth College), Yanfang Ye (University of Notre Dame)",10.1145/3705328.3748058,https://doi.org/10.1145/3705328.3748058,,,
630,2025,Full Papers,,Off-Policy Evaluation and Learning for Matching Markets,"Yudai Hayashi (Wantedly, inc.), Shuhei Goda (Independent Researcher), Yuta Saito (Cornell University)",10.1145/3705328.3748047,https://doi.org/10.1145/3705328.3748047,,,
631,2025,Full Papers,,Off-Policy Evaluation of Candidate Generators in Two-Stage Recommender Systems,"Peiyao Wang (Amazon.com), Zhan Shi (Amazon.com), Amina Shabbeer (Amazon.com), Ben London (Amazon.com)",10.1145/3705328.3748057,https://doi.org/10.1145/3705328.3748057,,,
632,2025,Full Papers,,On the Reliability of Sampling Strategies in Offline Recommender Evaluation,"Bruno Pereira (Universidade Federal de Minas Gerais), Alan Said (University of Gothenburg), Rodrygo Santos (Universidade Federal de Minas Gerais)",10.1145/3705328.3748086,https://doi.org/10.1145/3705328.3748086,,,
633,2025,Full Papers,,Paragon: Parameter Generation for Controllable Multi-Task Recommendation,"Chenglei Shen (RenminUniversity of China), Jiahao Zhao (Renmin University of China), Xiao Zhang (Renmin University of China), Weijie Yu (University of International Business and Economics), Ming He (AI Lab at Lenovo Research), Jianping Fan (AI Lab at Lenovo Research)",10.1145/3705328.3748069,https://doi.org/10.1145/3705328.3748069,,,
634,2025,Full Papers,,PinFM: Foundation Model for User Activity Sequences at a Billion-scale Visual Discovery Platform,"Xiangyi Chen (Pinterest), Kousik Rajesh (Pinterest), Matthew Lawhon (Pinterest), Zelun Wang (Pinterest), Hanyu Li (Pinterest), Haomiao Li (Pinterest), Saurabh Vishwas Joshi (Pinterest), Pong Eksombatchai (Pinterest), Jaewon Yang (Pinterest), Yi-Ping Hsu (Pinterest), Jiajing Xu (Pinterest), Charles Rosenberg (Pinterest)",10.1145/3705328.3748050,https://doi.org/10.1145/3705328.3748050,,,
635,2025,Full Papers,,Privacy-Preserving Social Recommendation: Privacy Leakage and Countermeasure,"Yuyue Chen (Harbin Institute of Technology, Shenzhen), Peng Yang (The University of Hong Kong), Zoe Lin Jiang (Harbin Institute of Technology, Shenzhen), Wenhao Wu (Harbin Institute of Technology, Shenzhen), Junbin Fang (Jinan University), Xuan Wang (Harbin Institute of Technology, Shenzhen), Chuanyi Liu (Harbin Institute of Technology, Shenzhen)",10.1145/3705328.3748051,https://doi.org/10.1145/3705328.3748051,,,
636,2025,Full Papers,,Prompt-to-Slate: Diffusion Models for Prompt-Conditioned Slate Generation,"Federico Tomasi (Spotify), Francesco Fabbri (Spotify), Justin Carter (Spotify), Elias Kalomiris (Spotify), Mounia Lalmas (Spotify), Zhenwen Dai (Spotify)",10.1145/3705328.3748072,https://doi.org/10.1145/3705328.3748072,,,
637,2025,Full Papers,,Recommendation and Temptation,"Md Sanzeed Anwar (University of Michigan), Paramveer Dhillon (University of Michigan), Grant Schoenebeck (University of Michigan)",10.1145/3705328.3748063,https://doi.org/10.1145/3705328.3748063,,,
638,2025,Full Papers,,RecPS: Privacy Risk Scoring for Recommender Systems,"Jiajie He (University of Maryland, Baltimore County), Yuechun Gu (University of Maryland, Baltimore County), Keke Chen (University of Maryland, Baltimore County)",10.1145/3705328.3748052,https://doi.org/10.1145/3705328.3748052,,,
639,2025,Full Papers,,"R⁴ec: A Reasoning, Reflection, and Refinement Framework for Recommendation Systems","Hao Gu (Institute of Automation, Chinese Academy of Sciences), Rui Zhong (Kuaishou Technology), Yu Xia (University of Chinese Academy of Sciences), Wei Yang (Kuaishou Technology), Chi Lu (Kuaishou Technology), Peng Jiang (Kuaishou Technology), Kun Gai (Kuaishou Technology)",10.1145/3705328.3748068,https://doi.org/10.1145/3705328.3748068,,,
640,2025,Full Papers,,Scalable Data Debugging for Neighborhood-based Recommendation with Data Shapley Values,"Barrie Kersbergen (Bol & University of Amsterdam), Olivier Sprangers (Nixtla), Bojan Karlaš (Harvard University), Maarten de Rijke (University of Amsterdam), Sebastian Schelter (BIFOLD & TU Berlin)",10.1145/3705328.3748049,https://doi.org/10.1145/3705328.3748049,,,
641,2025,Full Papers,,Tag-augmented Dual-target Cross-domain Recommendation,"Mingfan Pan (University of Science and Technology of China), Qingyang Mao (University of Science and Technology of China), Xu An (University of Science and Technology of China), Jianhui Ma (University of Science and Technology of China), Gang Zhou (Information Engineering University), Mingyue Cheng (State Key Laboratory of Cognitive Intelligence, University of Science and Technology of China), Enhong Chen (University of Science and Technology of China)",10.1145/3705328.3748067,https://doi.org/10.1145/3705328.3748067,,,
642,2025,Full Papers,,Test-Time Alignment with State Space Model for Tracking User Interest Shifts in Sequential Recommendation,"Changshuo Zhang (Gaoling School of Artificial Intelligence, Renmin University of China), Xiao Zhang (Gaoling School of Artificial Intelligence, Renmin University of China), Teng Shi (Gaoling School of Artificial Intelligence, Renmin University of China), Jun Xu (Gaoling School of Artificial Intelligence, Renmin University of China), Ji-Rong Wen (Gaoling School of Artificial Intelligence, Renmin University of China)",10.1145/3705328.3748060,https://doi.org/10.1145/3705328.3748060,,,
643,2025,Full Papers,,USB-Rec: An Effective Framework for Improving Conversational Recommendation Capability of Large Language Model,"Jianyu Wen (Harbin Institute of Technology), Jingyun Wang (Beihang University), Cilin Yan (Xiaohongshu Inc.), Jiayin Cai (Xiaohongshu Inc.), Xiaolong Jiang (Xiaohongshu Inc.), Ying Zhang (Harbin Institute of Technology)",10.1145/3705328.3748089,https://doi.org/10.1145/3705328.3748089,,,
644,2025,Full Papers,,VL-CLIP: Enhancing Multimodal Recommendations via Visual Grounding and LLM-Augmented CLIP Embeddings,"Ramin Giahi (Walmart Global Tech), Kehui Yao (Walmart Global Tech), Sriram Kollipara (Walmart Global Tech), Kai Zhao (Walmart Global Tech), Vahid Mirjalili (Walmart Global Tech), Jianpeng Xu (Walmart Global Tech), Topojoy Biswas (Walmart Global Tech), Evren Korpeoglu (Walmart Global Tech), Kannan Achan (Walmart Global Tech)",10.1145/3705328.3748064,https://doi.org/10.1145/3705328.3748064,,,
645,2025,Full Papers,,You Don’t Bring Me Flowers: Mitigating Unwanted Recommendations Through Conformal Risk Control,"Giovanni De Toni (Fondazione Bruno Kessler (FBK)), Erasmo Purificato (European Commission, Joint Research Centre (JRC)), Emilia Gomez (European Commission, Joint Research Centre (JRC)), Andrea Passerini (University of Trento), Bruno Lepri (Fondazione Bruno Kessler (FBK)), Cristian Consonni (European Commission, Joint Research Centre (JRC))",10.1145/3705328.3748054,https://doi.org/10.1145/3705328.3748054,,,
646,2025,Short Papers,,A Multistakeholder Approach to Value-Driven Co-Design of Recommender Systems Evaluation Metrics in Digital Archives,"Florian Atzenhofer-Baumgartner (Graz University of Technology), Georg Vogeler (University of Graz), Dominik Kowald (Know Center Research GmbH)",10.1145/3705328.3748026,https://doi.org/10.1145/3705328.3748026,,,
647,2025,Short Papers,,Beyond Top-1: Addressing Inconsistencies in Evaluating Counterfactual Explanations for Recommender Systems,"Amir Reza Mohammadi (University of Innsbruck), Andreas Peintner (University of Innsbruck), Michael Müller (University of Innsbruck), Eva Zangerle (University of Innsbruck)",10.1145/3705328.3748028,https://doi.org/10.1145/3705328.3748028,,,
648,2025,Short Papers,,Beyond Visit Trajectories: Enhancing POI Recommendation via LLM-Augmented Text and Image Representations,"Zehui Wang (University of Applied Sciences Ravensburg-Weingarten), Wolfram Höpken (University of Applied Sciences Ravensburg-Weingarten), Dietmar Jannach (University of Klagenfurt)",10.1145/3705328.3748014,https://doi.org/10.1145/3705328.3748014,,,
649,2025,Short Papers,,Biases in LLM-Generated Musical Taste Profiles for Recommendation,"Bruno Sguerra (Deezer Research), Elena Epure (Deezer Research), Harin Lee (Max Planck Institute for Human Cognitive and Brain Science), Manuel Moussallam (Deezer Research)",10.1145/3705328.3748030,https://doi.org/10.1145/3705328.3748030,,,
650,2025,Short Papers,,Collaborative Interest Modeling in Recommender Systems,"Yu-Ting Cheng (National Taiwan Normal University), Yu-Yen Ho (National Taiwan University), Jyun-Yu Jiang (Amazon)",10.1145/3705328.3748023,https://doi.org/10.1145/3705328.3748023,,,
651,2025,Short Papers,,Consistent Explainers or Unreliable Narrators? Understanding LLM-generated Group Recommendations,"Cedric Waterschoot (Maastricht University), Nava Tintarev (Maastricht University), Francesco Barile (Maastricht University)",10.1145/3705328.3748015,https://doi.org/10.1145/3705328.3748015,,,
652,2025,Short Papers,,Correcting the LogQ Correction: Revisiting Sampled Softmax for Large-Scale Retrieval,"Kirill Khrylchenko (Yandex), Vladimir Baikalov (Yandex), Sergei Makeev (Yandex), Artem Matveev (Yandex), Sergei Liamaev (Yandex)",10.1145/3705328.3748033,https://doi.org/10.1145/3705328.3748033,,,
653,2025,Short Papers,,Counterfactual Inference under Thompson Sampling,Olivier Jeunen (Aampe),10.1145/3705328.3748011,https://doi.org/10.1145/3705328.3748011,,,
654,2025,Short Papers,,D-RDW: Diversity-Driven Random Walks for News Recommender Systems,"Runze Li (University of Zurich), Lucien Heitz (University of Zurich), Oana Inel (University of Zurich), Abraham Bernstein (University of Zurich)",10.1145/3705328.3748016,https://doi.org/10.1145/3705328.3748016,,,
655,2025,Short Papers,,Determinants of Users’ Chance-Seeking Behavior in Search-Based Recommendation,"Yuki Ninomiya (Nagoya University), Yutaro Sone (Nagoya University), Kazuhisa Miwa (Nagoya University), Yuichiro Sumi (Frontier Research Center, Toyota Motor Corporation), Ryosuke Nakanishi (Frontier Research Center, Toyota Motor Corporation), Eiji Mitsuda (Frontier Research Center, Toyota Motor Corporation), Koji Sato (Frontier Research Center, Toyota Motor Corporation), Tadashi Odashima (Frontier Research Center, Toyota Motor Corporation)",10.1145/3705328.3748019,https://doi.org/10.1145/3705328.3748019,,,
656,2025,Short Papers,,Disentangling User and Item Sequence Patterns in Sequential Recommendation Data Sets,"Kaiyue Liu (University of Helsinki), Yang Liu (University of Helsinki), Alan Medlar (University of Helsinki), Dorota Glowacka (University of Helsinki)",10.1145/3705328.3748042,https://doi.org/10.1145/3705328.3748042,,,
657,2025,Short Papers,,Do We Really Need Specialization? Evaluating Generalist Text Embeddings for Zero-Shot Recommendation and Search,"Matteo Attimonelli (Politecnico di Bari), Alessandro De Bellis (Politecnico di Bari), Claudio Pomo (Politecnico di Bari), Dietmar Jannach (University of Klagenfurt), Eugenio Di Sciascio (Politecnico di Bari), Tommaso Di Noia (Politecnico di Bari)",10.1145/3705328.3748040,https://doi.org/10.1145/3705328.3748040,,,
658,2025,Short Papers,,Emotion Vector-Based Fine-Tuning of Large Language Models for Age-Aware Teenage Book Recommendations,"Kate Hill (Brigham Young University), Yiu-Kai Ng (Brigham Young University), Joey Sherrill (Brigham Young University)",10.1145/3705328.3748037,https://doi.org/10.1145/3705328.3748037,,,
659,2025,Short Papers,,Estimating Quantum Execution Requirements for Feature Selection in Recommender Systems Using Extreme Value Theory,"Jiayang Niu (RMIT University), Qihan Zou (University of Melbourne), Jie Li (RMIT University), Ke Deng (RMIT University), Mark Sanderson (RMIT University), Yongli Ren (RMIT University)",10.1145/3705328.3748029,https://doi.org/10.1145/3705328.3748029,,,
660,2025,Short Papers,,Exploring the Effect of Context-Awareness and Popularity Calibration on Popularity Bias in POI Recommendations,"Andrea Forster (Graz University of Technology), Simone Kopeinik (Know Center Research GmbH), Denis Helic (Graz University of Technology), Stefan Thalmann (University of Graz), Dominik Kowald (Know Center Research GmbH)",10.1145/3705328.3748017,https://doi.org/10.1145/3705328.3748017,,,
661,2025,Short Papers,,Failure Prediction in Conversational Recommendation Systems,Maria Vlachou (University of Glasgow),10.1145/3705328.3748043,https://doi.org/10.1145/3705328.3748043,,,
662,2025,Short Papers,,Feedback-Driven Gradual Discovery for Expanding Musical Preferences,"Alec Nonnemaker (Delft University of Technology), Ralvi Isufaj (XITE), Zoltán Szlávik (XITE), Cynthia Liem (Delft University of Technology)",10.1145/3705328.3748025,https://doi.org/10.1145/3705328.3748025,,,
663,2025,Short Papers,,HiDePCC: A Novel Dual-Pronged Untargeted Attack on Federated Recommendation via Gradient Perturbation and Cluster Crafting,"Yamini Jha (Indian Institute of Technology (BHU) Varanasi), Krishna Tewari (Indian Institute of Technology (BHU) Varanasi), Sukomal Pal (Indian Institute of Technology (BHU) Varanasi)",10.1145/3705328.3748041,https://doi.org/10.1145/3705328.3748041,,,
664,2025,Short Papers,,Just Ask for Music (JAM): Multimodal and Personalized Natural Language Music Recommendation,"Alessandro B. Melchiorre (Johannes Kepler University), Elena Epure (Deezer Research), Shahed Masoudian (Johannes Kepler University), Gustavo Escobedo (Joahnnes Kepler University), Anna Hausberger (Johannes Kepler University), Manuel Moussallam (Deezer), Markus Schedl (Johannes Kepler University)",10.1145/3705328.3748020,https://doi.org/10.1145/3705328.3748020,,,
665,2025,Short Papers,,Large Scale E-Commerce Model for Learning and Analyzing Long-Term User Preferences,"Yonatan Hadar (eBay), Yotam Eshel (eBay), Tal Franji (eBay), Bracha Shapira (Ben-Gurion University), Michelle Hwang (eBay), Guy Feigenblat (eBay)",10.1145/3705328.3748027,https://doi.org/10.1145/3705328.3748027,,,
666,2025,Short Papers,,Let It Go? Not Quite: Addressing Item Cold Start in Sequential Recommendations with Content-Based Initialization,"Anton Pembek, Artem Fatkulin, Anton Klenitskiy, Alexey Vasilev",10.1145/3705328.3748038,https://doi.org/10.1145/3705328.3748038,,,
667,2025,Short Papers,,Mitigating Latent User Biases in Pre-trained VAE Recommendation Models via On-demand Input Space Transformation,"David Penz (Technische Universität Wien), Gustavo Junior Escobedo Ticona (Johannes Kepler University Linz), Markus Schedl (Johannes Kepler University Linz)",10.1145/3705328.3748012,https://doi.org/10.1145/3705328.3748012,,,
668,2025,Short Papers,,"Not Just What, But When: Integrating Irregular Intervals to LLM for Sequential Recommendation","Wei-Wei Du (Sony Group Corporation), Takuma Udagawa (Sony Group Corporation), Kei Tateno (Sony Group Corporation)",10.1145/3705328.3748013,https://doi.org/10.1145/3705328.3748013,,,
669,2025,Short Papers,,Not One News Recommender To Fit Them All: How Different Recommender Strategies Serve Various User Segments,"Hanne Vandenbroucke (imec-SMIT, Vrije Universiteit Brussel), Ulysse Maes (imec-SMIT, Vrije Universiteit Brussel), Lien Michiels (University of Antwerp), Annelien Smets (imec-SMIT, Vrije Universiteit Brussel)",10.1145/3705328.3748034,https://doi.org/10.1145/3705328.3748034,,,
670,2025,Short Papers,,On Inherited Popularity Bias in Cold-Start Item Recommendation,"Gregor Meehan (Queen Mary University of London), Johan Pauwels (Queen Mary University of London)",10.1145/3705328.3748035,https://doi.org/10.1145/3705328.3748035,,,
671,2025,Short Papers,,Personalized Persuasion-Aware Explanations in Recommender Systems,"Havva Alizadeh Noughabi (University of Guelph), Behshid Behkamal (Western University), Fattane Zarrinkalam (University of Guelph), Mohsen Kahani (Ferdowsi University of Mashhad)",10.1145/3705328.3748021,https://doi.org/10.1145/3705328.3748021,,,
672,2025,Short Papers,,Popularity-Bias Vulnerability: Semi-Supervised Label Inference Attack on Federated Recommender Systems,"Kenji Shinoda (Toyota Motor Corporation), Takeyuki Sasai (Toyota Motor Corporation), Shintaro Fukushima (Toyota Motor Corporation)",10.1145/3705328.3748024,https://doi.org/10.1145/3705328.3748024,,,
673,2025,Short Papers,,Rethinking Overconfidence in VAEs: Can Label Smoothing Help?,"Woo-Seong Yun (Chung-Ang University), YeoJun Choi (Chung-Ang University), Yoon-Sik Cho (Chung-Ang University)",10.1145/3705328.3748039,https://doi.org/10.1145/3705328.3748039,,,
674,2025,Short Papers,,SGCL: Unifying Self-Supervised and Supervised Learning for Graph Recommendation,"Weizhi Zhang (University of Illinois Chicago), Liangwei Yang (Salesforce AI Research), Zihe Song (University of Illinois Chicago), Henry Peng Zou (University of Illinois Chicago), Ke Xu (University of Illinois Chicago), Yuanjie Zhu (University of Illinois Chicago), Philip S. Yu (University of Illinois Chicago)",10.1145/3705328.3748036,https://doi.org/10.1145/3705328.3748036,,,
675,2025,Short Papers,,Stairway to Fairness: Connecting Group and Individual Fairness,"Theresia Veronika Rampisela (University of Copenhagen), Maria Maistro (University of Copenhagen), Tuukka Ruotsalo (University of Copenhagen), Falk Scholer (RMIT University), Christina Lioma (University of Copenhagen)",10.1145/3705328.3748031,https://doi.org/10.1145/3705328.3748031,,,
676,2025,Short Papers,,Towards Personality-Aware Explanations for Music Recommendations Using Generative AI,"Gabrielle Alves (Universidade de São Paulo), Dietmar Jannach (University of Klagenfurt), Luan Soares de Souza (Universidade de São Paulo), Marcelo Garcia Manzato (Universidade de São Paulo)",10.1145/3705328.3748032,https://doi.org/10.1145/3705328.3748032,,,
677,2025,Short Papers,,TreatRAG: A Framework for Personalized Treatment Recommendation,"Chao-Chin Liu (Georgetown University), Hao-Ren Yao (Carnegie Mellon University), Der-Chen Chang (Georgetown University), Ophir Frieder (Georgetown University)",10.1145/3705328.3748022,https://doi.org/10.1145/3705328.3748022,,,
678,2025,Short Papers,,‘Beyond the past’: Leveraging Audio and Human Memory for Sequential Music Recommendation,"Viet Anh Tran (Deezer), Bruno Sguerra (Deezer), Gabriel Meseguer-Brocal (Deezer), Lea Briand (Deezer), Manuel Moussallam (Deezer)",10.1145/3705328.3748018,https://doi.org/10.1145/3705328.3748018,,,
679,2025,Reproducibility,,A Reproducibility Study of Product-side Fairness in Bundle Recommendation,"Huy-Son Nguyen (Delft University of Technology), Yuanna Liu (University of Amsterdam), Masoud Mansoury (Delft University of Technology), Mohammad Aliannejadi (University of Amsterdam), Alan Hanjalic (Delft University of Technology), Maarten de Rijke (University of Amsterdam)",10.1145/3705328.3748169,https://doi.org/10.1145/3705328.3748169,,,
680,2025,Reproducibility,,Are We Really Making Recommendations Robust? Revisiting Model Evaluation for Denoising Recommendation,"Guohang Zeng (University of Technology Sydney), Jie Lu (University of Technology Sydney), Guangquan Zhang (University of Technology Sydney)",10.1145/3705328.3748153,https://doi.org/10.1145/3705328.3748153,,,
681,2025,Reproducibility,,Context Trails: A Dataset to Study Contextual and Route Recommendation,"Pablo Sánchez (Instituto de Investigación Tecnológica (IIT), Universidad Pontificia Comillas), Alejandro Bellogin (Universidad Autónoma de Madrid), José L. Jorro-Aragoneses (Universidad Autónoma de Madrid)",10.1145/3705328.3748151,https://doi.org/10.1145/3705328.3748151,,,
682,2025,Reproducibility,,DistillRecDial: A Knowledge-Distilled Dataset Capturing User Diversity in Conversational Recommendation,"Alessandro Francesco Maria Martina (University of Bari Aldo Moro), Alessandro Petruzzelli (University of Bari Aldo Moro), Cataldo Musto (University of Bari Aldo Moro), Marco de Gemmis (University of Bari Aldo Moro), Pasquale Lops (University of Bari Aldo Moro), Giovanni Semeraro (University of Bari Aldo Moro)",10.1145/3705328.3748161,https://doi.org/10.1145/3705328.3748161,,,
683,2025,Reproducibility,,Exploitation Over Exploration: Unmasking the Bias in Linear Bandit Recommender Offline Evaluation,"Pedro Pires (Federal University of São Carlos (UFSCar)), Gregorio Azevedo (Federal University of São Carlos (UFSCar)), Pietro Campos (Federal University of São Carlos (UFSCar)), Rafael Sereicikas (Federal University of São Carlos (UFSCar)), Tiago Almeida (Federal University of São Carlos (UFSCar))",10.1145/3705328.3748166,https://doi.org/10.1145/3705328.3748166,,,
684,2025,Reproducibility,,Exploring the Potential of LLMs for Serendipity Evaluation in Recommender Systems,"Li Kang (Hong Kong Baptist University), Yuhan Zhao (Hong Kong Baptist University), Li Chen (Hong Kong Baptist University)",10.1145/3705328.3748167,https://doi.org/10.1145/3705328.3748167,,,
685,2025,Reproducibility,,Fashion-AlterEval: A Dataset for Improved Evaluation of Conversational Recommendation Systems with Alternative Relevant Items,Maria Vlachou (University of Glasgow),10.1145/3705328.3748149,https://doi.org/10.1145/3705328.3748149,,,
686,2025,Reproducibility,,GreenFoodLens: Sustainability Labels for Food Recommendation,"Giacomo Balloccu (Meta), Ludovico Boratto (University of Cagliari), Gianni Fenu (University of Cagliari), Mirko Marras (University of Cagliari), Giacomo Medda (University of Cagliari), Giovanni Murgia (University of Cagliari)",10.1145/3705328.3748165,https://doi.org/10.1145/3705328.3748165,,,
687,2025,Reproducibility,,How Powerful are LLMs to Support Multimodal Recommendation? A Reproducibility Study of LLMRec,"Maria Lucia Fioretti (Politecnico di Bari), Nicola Laterza (Politecnico di Bari), Alessia Preziosa (Politecnico di Bari), Daniele Malitesta (CentraleSupélec, Inria, Université Paris-Saclay), Claudio Pomo (Politecnico di Bari), Fedelucio Narducci (Politecnico di Bari), Tommaso Di Noia (Politecnico di Bari)",10.1145/3705328.3748154,https://doi.org/10.1145/3705328.3748154,,,
688,2025,Reproducibility,,Impacts of Mainstream-Driven Algorithms on Recommendations for Children Across Domains: A Reproducibility Study,"Robin Ungruh (Delft University of Technology), Alejandro Bellogín (Universidad Autónoma de Madrid), Dominik Kowald (Know Center Research GmbH), Maria Pera (Delft University of Technology)",10.1145/3705328.3748160,https://doi.org/10.1145/3705328.3748160,,,
689,2025,Reproducibility,,Informfully Recommenders – Reproducibility Framework for Diversity-aware Intra-session Recommendations,"Lucien Heitz (University of Zurich), Runze Li (University of Zurich), Oana Inel (University of Zurich), Abraham Bernstein (University of Zurich)",10.1145/3705328.3748148,https://doi.org/10.1145/3705328.3748148,,,
690,2025,Reproducibility,,Model Meets Knowledge: Analyzing Knowledge Types for Conversational Recommender Systems,"Jujia Zhao (Leiden University), Yumeng Wang (Leiden University), Zhaochun Ren (Leiden University), Suzan Verberne (Leiden University)",10.1145/3705328.3748152,https://doi.org/10.1145/3705328.3748152,,,
691,2025,Reproducibility,,Privacy Risks of LLM-Empowered Recommender Systems: An Inversion Attack Perspective,"Yubo Wang (Monash University), Min Tang (Monash University), Nuo Shen (Monash University), Shujie Cui (Monash University), Weiqing Wang (Monash University)",10.1145/3705328.3748158,https://doi.org/10.1145/3705328.3748158,,,
692,2025,Reproducibility,,Rethinking the Privacy of Text Embeddings: A Reproducibility Study of “Text Embeddings Reveal (Almost) As Much As Text”,"Dominykas Seputis (University of Amsterdam), Yongkang Li (University of Amsterdam), Karsten Langerak (University of Amsterdam), Serghei Mihailov (University of Amsterdam)",10.1145/3705328.3748155,https://doi.org/10.1145/3705328.3748155,,,
693,2025,Reproducibility,,Revisiting Prompt Engineering: A Comprehensive Evaluation for LLM-based Personalized Recommendation,"Genki Kusano (NEC Corporation), Kosuke Akimoto (NEC Corporation), Kunihiro Takeoka (NEC Corporation)",10.1145/3705328.3748159,https://doi.org/10.1145/3705328.3748159,,,
694,2025,Reproducibility,,Revisiting the Performance of Graph Neural Networks for Session-based Recommendation,"Faisal Shehzad (University of Klagenfurt), Dietmar Jannach (University of Klagenfurt)",10.1145/3705328.3748156,https://doi.org/10.1145/3705328.3748156,,,
695,2025,Reproducibility,,"See the Movie, Hear the Song, Read the Book: Extending MovieLens-1M, Last.fm-2K, and DBbook with Multimodal Data","Giuseppe Spillo (University of Bari Aldo Moro), Elio Musacchio (University of Pisa), Cataldo Musto (University of Bari Aldo Moro), Marco de Gemmis (University of Bari Aldo Moro), Pasquale Lops (University of Bari Aldo Moro), Giovanni Semeraro (University of Bari Aldo Moro)",10.1145/3705328.3748162,https://doi.org/10.1145/3705328.3748162,,,
696,2025,Reproducibility,,The XITE Million Sessions Dataset,"Ralvi Isufaj (XITE), Ruslan Tsygankov (XITE), Zoltán Szlávik (XITE)",10.1145/3705328.3748168,https://doi.org/10.1145/3705328.3748168,,,
697,2025,Reproducibility,,TIM-Rec: Explicit Sparse Feedback on Multi-Item Upselling Recommendations in an Industrial Dataset of Telco Calls,"Alessandro Sbandi (TIM S.p.A.), Federico Siciliano (Sapienza University of Rome), Fabrizio Silvestri (Sapienza University of Rome)",10.1145/3705328.3748150,https://doi.org/10.1145/3705328.3748150,,,
698,2025,Reproducibility,,Time to Split: Exploring Data Splitting Strategies for Offline Evaluation of Sequential Recommenders,"Danil Gusak (AIRI), Anna Volodkevich, Anton Klenitskiy, Alexey Vasilev, Evgeny Frolov (AIRI)",10.1145/3705328.3748164,https://doi.org/10.1145/3705328.3748164,,,
699,2025,Reproducibility,,Yambda-5B — A Large-Scale Multi-Modal Dataset for Ranking and Retrieval,"Alexander Ploshkin (Yandex), Vladislav Tytskiy (Yandex), Alexey Pismenny (Yandex), Vladimir Baikalov (Yandex), Evgeny Taychinov (Yandex), Artem Permiakov (Yandex), Daniil Burlakov (AIM HIGH TECHNOLOGY), Eugene Krofto (Yandex)",10.1145/3705328.3748163,https://doi.org/10.1145/3705328.3748163,,,
700,2025,Reproducibility,,‘We Share Our Code Online’: Why This Is Not Enough to Ensure Reproducibility and Progress in Recommender Systems Research,"Faisal Shehzad (University of Klagenfurt), Timo Breuer (TH Köln (University of Applied Sciences)), Maria Maistro (University of Copenhagen), Dietmar Jannach (University of Klagenfurt)",10.1145/3705328.3748157,https://doi.org/10.1145/3705328.3748157,,,
701,2025,Industry,,A Media Content Recommendation Method for Playlist Curators using LLM-Based Query Expansion,"Yuta Hagio (Japan Broadcasting Corporation), Chigusa Yamamura (Japan Broadcasting Corporation), Hiromu Ogawa (Japan Broadcasting Corporation), Hisayuki Ohmata (Japan Broadcasting Corporation), Arisa Fujii (Japan Broadcasting Corporation)",10.1145/3705328.3748129,https://doi.org/10.1145/3705328.3748129,,,
702,2025,Industry,,Agentic Personalisation of Cross-Channel Marketing Experiences,"Sami Abboud (Aampe), Eleanor Hanna (Aampe), Olivier Jeunen (Aampe), Vineesha Raheja (Aampe), Schaun Wheeler (Aampe)",10.1145/3705328.3748125,https://doi.org/10.1145/3705328.3748125,,,
703,2025,Industry,,An Analysis of Learned Product Embeddings in an E-Commerce Context,"Mate Hartstein (IKEA Retail (Ingka Group)), Eva Giannatou (IKEA Retail (Ingka Group)), Martin Tegner (IKEA Retail (Ingka Group))",10.1145/3705328.3748131,https://doi.org/10.1145/3705328.3748131,,,
704,2025,Industry,,Balanced Public Service Media Recommendation Trade-offs with a Light Carbon Footprint,"Marcel Hauck (ARD Online and Mainz University of Applied Sciences), Michael Huber (ARD Online), Juri Diels (ARD Online), David Wittenberg (ARD Online), Dietmar Jannach (University of Klagenfurt)",10.1145/3705328.3748106,https://doi.org/10.1145/3705328.3748106,,,
705,2025,Industry,,Balancing Fine-tuning and RAG: A Hybrid Strategy for Dynamic LLM Recommendation Updates,"Changping Meng (Google), Hongyi Ling (Google), Jianling Wang (Google DeepMind), Yifan Liu (Google), Shuzhou Zhang (Google), Dapeng Hong (Google), Mingyan Gao (Google), Onkar Dalal (Google), Ed Chi (Google Deepmind), Lichan Hong (Google Deepmind), Haokai Lu (Google DeepMind), Ningren Han (Google)",10.1145/3705328.3748105,https://doi.org/10.1145/3705328.3748105,,,
706,2025,Industry,,Closing the Online-Offline Gap: A Scalable Framework for Composed Model Evaluation,"Mahanth Kumar Beeraka (Meta Platforms, Inc.), Chen Chen (Meta Platforms, Inc.), Yining Lu (Meta Platforms, Inc.), Briac Marcatte (Meta Platforms, Inc.), Weikun Lyu (Meta Platforms, Inc.), Brooke Bian (Meta Platforms, Inc.), Enriko Aryanto (Meta Platforms, Inc.), Ellie Wen (Meta Platforms, Inc.), Mohamed Radwan (Meta Platforms, Inc.), Tianshan Cui (Meta Platforms, Inc.), Wenjing Lu (Meta Platforms, Inc.), Mohsen Malmir (Meta Platforms, Inc.), Yang Li (Meta Platforms, Inc.)",10.1145/3705328.3748117,https://doi.org/10.1145/3705328.3748117,,,
707,2025,Industry,,Cold Starting a New Content Type: A Case Study with Netflix Live,"Yunan Hu (Netflix), Mark Thornburg (Netflix), Mario Garcia Armas (Netflix), Vito Ostuni (Netflix), Anne Cocos (Netflix), Kriti Kohli (Netflix), Christoph Kofler (Netflix), Rob Saltiel (Netflix)",10.1145/3705328.3748112,https://doi.org/10.1145/3705328.3748112,,,
708,2025,Industry,,Contrastive Conditional Embeddings for Item-based Recommendation at E-commerce Scale,"Akira Fukumoto (Rakuten Group, Inc.), Aghiles Salah (Rakuten Tech Center Europe), Sarthak Shrivastava (Rakuten Group, Inc.), Alexandru Tatar (Rakuten Tech Center Europe), Yannick Schwartz (Rakuten Tech Center Europe), Vincent Michel (Rakuten Tech Center Europe), Lee Xiong (Meta Platforms)",10.1145/3705328.3748095,https://doi.org/10.1145/3705328.3748095,,,
709,2025,Industry,,Cross-Batch Aggregation for Streaming Learning from Label Proportions in Industrial-Scale Recommendation Systems,"Jonathan Valverde (Google DeepMind), Tiansheng Yao (Google DeepMind), Xiang Li (Google LLC), Yuan Gao (Google LLC), Yin Zhang (Google DeepMind), Andrew Evdokimov (Google LLC), Adam Kraft (Google DeepMind), Samuel Ieong (Google LLC), Jerry Zhang (Google LLC), Ed Chi (Google DeepMind), Derek Cheng (Google DeepMind), Ruoxi Wang (Google DeepMind)",10.1145/3705328.3748115,https://doi.org/10.1145/3705328.3748115,,,
710,2025,Industry,,Decoupled Entity Representation Learning for Pinterest Ads Ranking,"Jie Liu (Pinterest, Inc), Yinrui Li (Pinterest, Inc), Jiankai Sun (Pinterest, Inc), Kungang Li (Pinterest), Han Sun (Pinterest), Sihan Wang (Pinterest, Inc), Huasen Wu (Pinterest, Inc), Siyuan Gao (Pinterest, Inc), Paulo Soares (Pinterest, Inc), Nan Li (Pinterest, Inc), Zhifang Liu (Pinterest, Inc), Haoyang Li (Pinterest, Inc), Siping Ji (Pinterest), Ling Leng (Pinterest), Prathibha Deshikachar (Pinterest)",10.1145/3705328.3748098,https://doi.org/10.1145/3705328.3748098,,,
711,2025,Industry,,Deep Reinforcement Learning for Ranking Utility Tuning in the Ad Recommender System at Pinterest,"Xiao Yang (Pinterest), Mehdi Ayed (Pinterest), Longyu Zhao (Pinterest), Fan Zhou (Pinterest), Yuchen Shen (Pinterest), Abe Engle (Pinterest), Jinfeng Zhuang (Pinterest), Ling Leng (Pinterest), Jiajing Xu (Pinterest), Charles Rosenberg (Pinterest), Prathibha Deshikachar (Pinterest)",10.1145/3705328.3748144,https://doi.org/10.1145/3705328.3748144,,,
712,2025,Industry,,Efficient Off-Policy Evaluation of Content Blending in Station-Based Music Experiences,"Chelsea Weaver (Amazon Music), Arvind Balasubramanian (Amazon Music), Juan Borgnino (Amazon Music), Ben London (Amazon Music)",10.1145/3705328.3748114,https://doi.org/10.1145/3705328.3748114,,,
713,2025,Industry,,Enhancing Embedding Representation Stability in Recommendation Systems with Semantic ID,"Carolina Zheng (Columbia University), Minhui Huang (Meta), Dmitrii Pedchenko (Meta), Kaushik Rangadurai (Meta), Siyu Wang (Meta), Fan Xia (Meta), Gaby Nahum (Meta), Jie Lei (Meta), Yang Yang (Meta), Tao Liu (Meta), Zutian Luo (Meta), Xiaohan Wei (Meta), Dinesh Ramasamy (Meta), Jiyan Yang (Meta), Yiping Han (Meta), Lin Yang (Meta), Hangjun Xu (Meta), Rong Jin (Meta), Shuang Yang (Meta)",10.1145/3705328.3748123,https://doi.org/10.1145/3705328.3748123,,,
714,2025,Industry,,Enhancing Online Ranking Systems via Multi-Surface Co-Training for Content Understanding,"Gwendolyn Zhao (Google), Yilin Zheng (Google), Raghu Keshavan (Google), Lukasz Heldt (Google), Qian Sun (Google), Fabio Soldo (Google), Li Wei (Google), Aniruddh Nath (Google), Nikhil Khani (Google), Weilong Yang (Google), Dapo Omidiran (Google), Rein Zhang (Google), Mei Chen (gNucleus AI, Inc), Lichan Hong (Google Deepmind), Xinyang Yi (Google Deepmind)",10.1145/3705328.3748101,https://doi.org/10.1145/3705328.3748101,,,
715,2025,Industry,,Generalized User Representations for Large-Scale Recommendations and Downstream Tasks,"Ghazal Fazelnia (Spotify), Sanket Gupta (Spotify), Claire Keum (Spotify), Mark Koh (Spotify), Timothy Heath (Spotify), Guillermo Carrasco Hernández (Spotify), Stephen Xie (Spotify), Nandini Singh (Spotify), Ian Anderson (Spotify), Maya Hristakeva (Spotify), Petter Skiden (Spotify), Mounia Lalmas (Spotify)",10.1145/3705328.3748132,https://doi.org/10.1145/3705328.3748132,,,
716,2025,Industry,,Identifying Offline Metrics that Predict Online Impact: A Pragmatic Strategy for Real-World Recommender Systems,"Timo Wilm (OTTO (GmbH & Co. KGaA)), Philipp Normann (TU Wien)",10.1145/3705328.3748111,https://doi.org/10.1145/3705328.3748111,,,
717,2025,Industry,,Improve the Personalization of Large-Scale Ranking Systems by Integrating User Survey Feedback,"Mengxi Lv (Meta), Drew Hogg (Meta), Thomas Grubb (Meta), Shashank Bassi (Meta), Min Li (Meta), Cayman Simpson (Meta), Senthil Rajagopalan (Meta)",10.1145/3705328.3748119,https://doi.org/10.1145/3705328.3748119,,,
718,2025,Industry,,Improving Visual Recommendation on E-commerce Platforms Using Vision-Language Models,"Yuki Yada (Mercari, Inc.), Sho Akiyama (Mercari, Inc.), Ryo Watanabe (Mercari, Inc.), Yuta Ueno (Mercari, Inc.), Yusuke Shido (Mercari, Inc.), Andre Rusli (Mercari, Inc.)",10.1145/3705328.3748128,https://doi.org/10.1145/3705328.3748128,,,
719,2025,Industry,,In-context Learning for Addressing User Cold-start in Sequential Movie Recommenders,"Xurong Liang (Amazon), Vu Nguyen (Amazon), Vuong Le (Amazon), Paul Albert (Amazon), Julien Monteil (Amazon)",10.1145/3705328.3748109,https://doi.org/10.1145/3705328.3748109,,,
720,2025,Industry,,Industry Insights from Comparing Deep Learning and GBDT Models for E-Commerce Learning-to-Rank,"Yunus Lutz (OTTO (GmbH & Co. KGaA)), Timo Wilm (OTTO (GmbH & Co. KGaA)), Philipp Duwe (OTTO (GmbH & Co. KGaA))",10.1145/3705328.3748130,https://doi.org/10.1145/3705328.3748130,,,
721,2025,Industry,,Item-centric Exploration for Cold Start Problem,"Dong Wang (Google LLC), Junyi Jiao (Google LLC), Arnab Bhadury (Google), Yaping Zhang (Google), Mingyan Gao (Google), Onkar Dalal (Google)",10.1145/3705328.3748113,https://doi.org/10.1145/3705328.3748113,,,
722,2025,Industry,,Kamae: Bridging Spark and Keras for Seamless ML Preprocessing,"George Barrowclough (Expedia Group), Marian Andrecki (Expedia Group), James Shinner (Expedia Group), Daniele Donghi (Expedia Group)",10.1145/3705328.3748126,https://doi.org/10.1145/3705328.3748126,,,
723,2025,Industry,,LADDER: LLM-Annotated Data for Dogfooded Evaluation of Rankings,Mattia Ottoborgo (TrustPilot),10.1145/3705328.3748094,https://doi.org/10.1145/3705328.3748094,,,
724,2025,Industry,,Leveraging Explicit Negative Feedback in Large-Scale Recommendation Systems: A Case Study,"Madhura Raju (TikTok Inc), Manisha Sharma (TikTok Inc.), Hongyu Xiong (TikTok, Inc.), Bingfeng Deng (TikTok, Inc.), Meng Na (TikTok Inc)",10.1145/3705328.3748145,https://doi.org/10.1145/3705328.3748145,,,
725,2025,Industry,,LLM-Powered Nuanced Video Attribute Annotation for Enhanced Recommendations,"Boyuan Long (Google), Yueqi Wang (Google), Hiloni Mehta (Google), Mick Zomnir (Google), Omkar Pathak (Google), Changping Meng (Google), Ruolin Jia (Google), Yajun Peng (Google), Dapeng Hong (Google), Xia Wu (Google), Mingyan Gao (Google), Onkar Dalal (Google), Ningren Han (Google)",10.1145/3705328.3748103,https://doi.org/10.1145/3705328.3748103,,,
726,2025,Industry,,Location Matters: Leveraging Multi-Resolution Geo-Embeddings for Housing Search,"Ivo Silva (QuintoAndar), Guilherme Bonaldo (QuintoAndar), Pedro Nogueira (QuintoAndar)",10.1145/3705328.3748136,https://doi.org/10.1145/3705328.3748136,,,
727,2025,Industry,,Metadata Generation and Evaluation using LLMs – Case Study on Canonical Titles,"Sinan Zhu (Indeed.com), Sanja Simonovikj (Indeed.com), Darren Edmonds (Indeed.com), Yang Sun (Indeed.com)",10.1145/3705328.3748100,https://doi.org/10.1145/3705328.3748100,,,
728,2025,Industry,,Minimize Negative Experiences in Video Recommendation Systems with Multimodal Large Language Models,"Suman Malani (Google, Inc), Youwei Zhang (Google), Liang Liu (Google)",10.1145/3705328.3748102,https://doi.org/10.1145/3705328.3748102,,,
729,2025,Industry,,Never Miss an Episode: How LLMs are Powering Serial Content Discovery on YouTube,"Aditee Kumthekar (Google Inc), Li Wei (Google), Andrea Bettale (Google Inc), Mahesh Sathiamoorthy (Bespoke Labs, Ex-Google), Zrinka Puljiz (Google Inc), Aditya Mahajan (Google Inc)",10.1145/3705328.3748104,https://doi.org/10.1145/3705328.3748104,,,
730,2025,Industry,,Not All Impressions Are Created Equal: Psychology-Informed Retention Optimization for Short-Form Video Recommendation,"Yuyan Wang (Stanford University), Jing Zhong (Meta Platforms Inc.), Yuxin Cui (Meta Platforms Inc.), Zhaohui Guo (Meta Platforms Inc.), Chuanqi Wei (Meta Platforms Inc.), Yanchen Wang (Meta Platforms Inc.), Zellux Wang (Meta Platforms Inc.)",10.1145/3705328.3748122,https://doi.org/10.1145/3705328.3748122,,,
731,2025,Industry,,Operational Twin–Driven AI Recommender for Strategic Service Planning,"Vivek Singh (Siemens Healthineers), Sarith Mohan (Siemens Healthineers), Chetan Srinidhi (Siemens Healthineers), Santosh Pai (Siemens Healthineers), Ullaskrishnan Poikavila (Siemens Healthineers), Codruta Ene (Siemens Healthineers), Ankur Kapoor (Siemens Healthineers), Neil Biehn (Siemens Healthineers), Dorin Comaniciu (Siemens Healthineers)",10.1145/3705328.3748099,https://doi.org/10.1145/3705328.3748099,,,
732,2025,Industry,,Orthogonal Low Rank Embedding Stabilization,"Kevin Zielnicki (Netflix), Ko-Jen Hsiao (Netflix)",10.1145/3705328.3748141,https://doi.org/10.1145/3705328.3748141,,,
733,2025,Industry,,Pareto-Optimal Solution: Optimizing Engagement and Revenue,"Shaghayegh Agah (Comcast Technology AI), Shaun Schaeffer (Comcast Technology AI), Maria Peifer (Comcast Technology AI), Neeraj Sharma (Comcast Technology AI), Ankit Maheshwari (Comcast Technology AI), Sardar Hamidian (Comcast Technology AI)",10.1145/3705328.3748142,https://doi.org/10.1145/3705328.3748142,,,
734,2025,Industry,,Personalized Interest Graphs for Theme-Driven User Behavior,"Oded Zinman (eBay Inc.), Nazmul Chowdhury (eBay Inc.), Leandro Fiaschetti (eBay Inc.), Yuri Brovman (eBay Inc.), Guy Feigenblat (eBay Inc.), Yotam Eshel (eBay Inc.)",10.1145/3705328.3748133,https://doi.org/10.1145/3705328.3748133,,,
735,2025,Industry,,Practical Multi-Task Learning for Rare Conversions in Ad Tech,"Yuval Dishi (Teads), Ophir Friedler (Teads), Yonatan Karni (Teads), Natalia Silberstein (Teads), Yulia Stolin (Teads)",10.1145/3705328.3748110,https://doi.org/10.1145/3705328.3748110,,,
736,2025,Industry,,RADAR: Recall Augmentation through Deferred Asynchronous Retrieval,"Amit Jaspal (Meta Platforms, Inc.), Qian Dang (Meta Platforms, Inc.), Ajantha Ramineni (Meta)",10.1145/3705328.3748146,https://doi.org/10.1145/3705328.3748146,,,
737,2025,Industry,,RankGraph: Unified Heterogeneous Graph Learning for Cross-Domain Recommendation,"Renzhi Wu (Meta Platforms, Inc.), Junjie Yang (Meta Platforms, Inc.), Li Chen (Meta Platforms, Inc.), Hong Li (Meta Platforms, Inc.), Li Yu (Meta Platforms, Inc.), Hong Yan (Meta Platforms, Inc.)",10.1145/3705328.3748118,https://doi.org/10.1145/3705328.3748118,,,
738,2025,Industry,,SASRec in Action: Real-World Adaptations for ZDF Streaming Service,"Venkata Harshit Koneru (ZDF (Zweites Deutsches Fernsehen)), Xenija Neufeld (Accso – Accelerated Solutions GmbH), Sebastian Loth (ZDF (Zweites Deutsches Fernsehen)), Andreas Grün (ZDF (Zweites Deutsches Fernsehen))",10.1145/3705328.3748097,https://doi.org/10.1145/3705328.3748097,,,
739,2025,Industry,,Scaling Generative Recommendations with Context Parallelism on Hierarchical Sequential Transducers,"Yue Dong (Meta Platforms), Han Li (Meta Platforms), Shen Li (Meta Platforms), Nikhil Patel (Meta Platforms), Xing Liu (Meta Platforms), Xiaodong Wang (Meta Platforms), Chuanhao Zhuge (Meta Platforms)",10.1145/3705328.3748143,https://doi.org/10.1145/3705328.3748143,,,
740,2025,Industry,,Scaling Image Variant Optimization Through Customer Bucketing and Response Caching: A Large-Scale Implementation at Amazon Prime Video,"Haiyun Jin (Amazon Prime Video), Bobby Patel (Amazon Prime Video)",10.1145/3705328.3748134,https://doi.org/10.1145/3705328.3748134,,,
741,2025,Industry,,Scaling Retrieval for Web-Scale Recommenders: Lessons from Inverted Indexes to Embedding Search,"Yuchin Juan (LinkedIn), Jianqiang Shen (LinkedIn), Shaobo Zhang (LinkedIn), Qianqi Shen (LinkedIn), Caleb Johnson (LinkedIn), Luke Simon (LinkedIn), Liangjie Hong (LinkedIn), Wenjing Zhang (LinkedIn)",10.1145/3705328.3748116,https://doi.org/10.1145/3705328.3748116,,,
742,2025,Industry,,Semantic IDs for Music Recommendation,"M. Jeffrey Mei (SiriusXM Radio Inc.), Florian Henkel (Spotify), Samuel E. Sandberg (SiriusXM Radio Inc.), Oliver Bembom (SiriusXM Radio Inc.), Andreas F. Ehmann (SiriusXM Radio Inc.)",10.1145/3705328.3748139,https://doi.org/10.1145/3705328.3748139,,,
743,2025,Industry,,SEMORec: A Scalarized Efficient Multi-Objective Recommendation Framework,"Sofia Maria Nikolakaki (Apple), Siyong Ma (Apple), Srivas Chennu (Apple), Humeyra Topcu Altintas (Apple)",10.1145/3705328.3748140,https://doi.org/10.1145/3705328.3748140,,,
744,2025,Industry,,Simulating Discoverability for Upcoming Content in TV Entertainment Platforms,"Adeep Hande (Applied AI Research, Comcast), Kishorekumar Sundararajan (Applied AI Research, Comcast), Yidnekachew Endale (Applied AI Research, Comcast), Sardar Hamidian (Applied AI Research, Comcast)",10.1145/3705328.3748137,https://doi.org/10.1145/3705328.3748137,,,
745,2025,Industry,,SocRipple: A Two-Stage Framework for Cold-Start Video Recommendations,"Amit Jaspal (Meta Platforms, Inc.), Kapil Dalwani (Meta Platforms, Inc.), Ajantha Ramineni (Meta Platforms, Inc.)",10.1145/3705328.3748124,https://doi.org/10.1145/3705328.3748124,,,
746,2025,Industry,,Stream Normalization for CTR Prediction,"Yizhou Sang (JD.COM), Congcong Liu (JD.COM), Yuying Chen (The Hong Kong University of Science and Technology), Zhiwei Fang (JD.COM), Xue Jiang (JD.COM), Changping Peng (JD.COM), Zhangang Lin (JD.COM), Ching Law (JD.COM), Jingping Shao (JD.COM)",10.1145/3705328.3748093,https://doi.org/10.1145/3705328.3748093,,,
747,2025,Industry,,Streaming Trends: A Low-Latency Platform for Dynamic Video Grouping and Trending Corpora Building,"Yang Gu (Google), Caroline Zhou (Google), Qiao Zhang (Google), Scott Wang (Google), Yongzhe Wang (Google), Li Zhang (Google), Nikos Parotsidis (Google), Cj Carey (Google), Ashkan Fard (Google), Mingyan Gao (Google), Yaping Zhang (Google), Sourabh Bansod (Google)",10.1145/3705328.3748120,https://doi.org/10.1145/3705328.3748120,,,
748,2025,Industry,,"Suggest, Complement, Inspire: Story of Two-Tower Recommendations at Allegro.com","Aleksandra Osowska-Kurczab (Allegro.com), Klaudia Nazarko (Allegro.com), Mateusz Marzec (Allegro.com), Lidia Wojciechowska (Allegro.com), Eliška Kremeňová (Allegro.com)",10.1145/3705328.3748135,https://doi.org/10.1145/3705328.3748135,,,
749,2025,Industry,,The Future is Sparse: Embedding Compression for Scalable Retrieval in Recommender Systems,"Petr Kasalický (Czech Technical University in Prague), Martin Spišák (Recombee), Vojtěch Vančura (Recombee), Daniel Bohuněk (Recombee), Rodrigo Alves (Recombee), Pavel Kordík (Recombee)",10.1145/3705328.3748147,https://doi.org/10.1145/3705328.3748147,,,
750,2025,Industry,,Unified Survey Modeling to Limit Negative User Experiences in Recommendation Systems,"Chenghui Yu (TikTok, Inc.), Haoze Wu (TikTok, Inc.), Jian Ding (TikTok, Inc.), Bingfeng Deng (TikTok, Inc.), Hongyu Xiong (TikTok, Inc.)",10.1145/3705328.3748108,https://doi.org/10.1145/3705328.3748108,,,
751,2025,Industry,,USD: A User-Intent-Driven Sampling and Dual-Debiasing Framework for Large-Scale Homepage Recommendations,"Jiaqi Zheng (Taobao & Tmall Group of Alibaba), Cheng Guo (Taobao & Tmall Group of Alibaba), Yi Cao (Taobao & Tmall Group of Alibaba), Chaoqun Hou (Taobao & Tmall Group of Alibaba), Tong Liu (Taobao & Tmall Group of Alibaba), Bo Zheng (Taobao & Tmall Group of Alibaba)",10.1145/3705328.3748096,https://doi.org/10.1145/3705328.3748096,,,
752,2025,Industry,,User Long-Term Multi-Interest Retrieval Model for Recommendation,"Yue Meng (Taobao & Tmall Group of Alibaba), Cheng Guo (Taobao & Tmall Group of Alibaba), Xiaohui Hu (Taobao & Tmall Group of Alibaba), Honghu Deng (Tsinghua University), Yi Cao (Taobao & Tmall Group of Alibaba), Tong Liu (Taobao & Tmall Group of Alibaba), Bo Zheng (Taobao & Tmall Group of Alibaba)",10.1145/3705328.3748107,https://doi.org/10.1145/3705328.3748107,,,
753,2025,Industry,,"You Say Search, I Say Recs: A Scalable Agentic Approach to Query Understanding and Exploratory Search at Spotify","Enrico Palumbo (Spotify), Marcus Isaksson (Spotify), Alexandre Tamborrino (Spotify), Maria Movin (Spotify), Catalin Dincu (Spotify), Ali Vardasbi (Spotify), Lev Nikeshkin (Spotify), Oksana Gorobets (Spotify), Anders Nyman (Spotify), Poppy Newdick (Spotify), Hugues Bouchard (Spotify), Paul Bennett (Spotify), Mounia Lalmas (Spotify), Dani Doro (Spotify), Christine Doig Cardet (Spotify), Ziad Sultan (Spotify)",10.1145/3705328.3748127,https://doi.org/10.1145/3705328.3748127,,,
754,2025,Industry,,Zero-shot Cross-domain Knowledge Distillation: A Case study on YouTube Music,"Srivaths Ranganathan (Google LLC), Chieh Lo (Google LLC), Bernardo Cunha (Google LLC), Nikhil Khani (Google), Li Wei (Google), Aniruddh Nath (Google), Shawn Andrews (Google LLC), Gergo Varady (Google LLC), Yanwei Song (Google LLC), Jochen Klingenhoefer (Google LLC), Tim Steele (Google LLC)",10.1145/3705328.3748138,https://doi.org/10.1145/3705328.3748138,,,
755,2025,LBR,,A Dual-Key Attention Framework for Sequential Recommendation with Side Information,"Minje Kim (Gyeongsang National University), Wooseung Kang (Gyeongsang National University), Gun-Woo Kim (Gyeongsang National University), Chie Hoon Song (Gyeongsang National University), Suwon Lee (Gyeongsang National University), Sang-Min Choi (Gyeongsang National University)",10.1145/3705328.3759326,https://doi.org/10.1145/3705328.3759326,,,
756,2025,LBR,,Addressing Multiple Hypothesis Bias in CTR Prediction for Ad Selection,"Oren Sar Shalom (Linkedin), Neil Daftary (Linkedin)",10.1145/3705328.3759299,https://doi.org/10.1145/3705328.3759299,,,
757,2025,LBR,,Balancing Accuracy and Novelty with Sub-Item Popularity,"Chiara Mallamaci (Politecnico di Bari), Aleksandr V. Petrov (University of Glasgow / Viator, TripAdvisor), Alberto Carlo Maria Mancino (Politecnico di Bari), Vito Walter Anelli (Politecnico di Bari), Tommaso Di Noia (Politecnico di Bari), Craig Macdonald (University of Glasgow)",10.1145/3705328.3759311,https://doi.org/10.1145/3705328.3759311,,,
758,2025,LBR,,Benefiting from Negative yet Informative Feedback by Contrasting Opposing Sequential Patterns,"Veronika Ivanova (Skolkovo Institute of Science and Technology), Evgeny Frolov (AIRI), Alexey Vasilev",10.1145/3705328.3759333,https://doi.org/10.1145/3705328.3759333,,,
759,2025,LBR,,Beyond Clicks: Eye-Tracking Insights into User Responses to Different Recommendation Types,"Georgios Koutroumpas (Telefónica Scientific Research), Matteo Mazzini (University of Padua), Sebastian Idesis (Telefónica Scientific Research), Mireia Masias Bruns (Telefónica Scientific Research), Joemon Jose (University of Glasgow), Sergi Abadal (Universitat Politècnica de Catalunya), Ioannis Arapakis (Telefónica Scientific Research)",10.1145/3705328.3759304,https://doi.org/10.1145/3705328.3759304,,,
760,2025,LBR,,Debiasing Implicit Feedback Recommenders via Sliced Wasserstein Distance-based Regularization,"Gustavo Escobedo (Johannes Kepler University Linz), David Penz (TU Wien), Markus Schedl (Johannes Kepler University Linz)",10.1145/3705328.3759320,https://doi.org/10.1145/3705328.3759320,,,
761,2025,LBR,,Describe What You See with Multimodal Large Language Models to Enhance Video Recommendations,"Marco De Nadai (Spotify), Andreas Damianou (Spotify), Mounia Lalmas (Spotify)",10.1145/3705328.3759303,https://doi.org/10.1145/3705328.3759303,,,
762,2025,LBR,,Don’t Get Ahead of Yourself: A Critical Study on Data Leakage in Offline Evaluation of Sequential Recommenders,"Huy Hoang Le (University of Helsinki), Yang Liu (University of Helsinki), Alan Medlar (University of Helsinki), Dorota Glowacka (University of Helsinki)",10.1145/3705328.3759329,https://doi.org/10.1145/3705328.3759329,,,
763,2025,LBR,,End-to-End Time Interval-wise Segmentation for Sequential Recommendation,"Minje Kim (Gyeongsang National University), Wooseung Kang (Gyeongsang National University), Gun-Woo Kim (Gyeongsang National University), Chie Hoon Song (Gyeongsang National University), Suwon Lee (Gyeongsang National University), Sang-Min Choi (Gyeongsang National University)",10.1145/3705328.3759327,https://doi.org/10.1145/3705328.3759327,,,
764,2025,LBR,,eSASRec: Enhancing Transformer-based Recommendations in a Modular Fashion,"Daria Tikhonovich (MTS), Nikita Zelinskiy (MTS), Aleksandr V. Petrov (Independent Researcher), Mayya Spirina (MTS), Andrei Semenov (Yandex), Andrey V. Savchenko, Sergei Kuliev (MTS)",10.1145/3705328.3759317,https://doi.org/10.1145/3705328.3759317,,,
765,2025,LBR,,Evaluating Podcast Recommendations with Profile-Aware LLM-as-a-Judge,"Francesco Fabbri (Spotify), Gustavo Penha (Spotify), Edoardo D’Amico (Spotify), Alice Wang (Spotify), Marco De Nadai (Spotify), Jackie Doremus (Spotify), Paul Gigioli (Spotify), Andreas Damianou (Spotify), Oskar Stål (Spotify), Mounia Lalmas (Spotify)",10.1145/3705328.3759305,https://doi.org/10.1145/3705328.3759305,,,
766,2025,LBR,,Fine-tuning for Inference-efficient Calibrated Recommendations,"Oleg Lesota (Johannes Kepler University Linz), Adrian Bajko (Johannes Kepler University Linz), Max Walder (Johannes Kepler University Linz), Matthias Wenzel (Johannes Kepler University Linz), Antonela Tommasel (CONICET-UNCPBA), Markus Schedl (Johannes Kepler University Linz)",10.1145/3705328.3759319,https://doi.org/10.1145/3705328.3759319,,,
767,2025,LBR,,From Previous Plays to Long-Term Tastes,"Robin Ungruh (Delft University of Technology), Alejandro Bellogín (Universidad Autónoma de Madrid), Maria Soledad Pera (Delft University of Technology)",10.1145/3705328.3759301,https://doi.org/10.1145/3705328.3759301,,,
768,2025,LBR,,How Fair is Your Diffusion Recommender Model?,"Daniele Malitesta (CentraleSupélec, Inria, Université Paris-Saclay), Giacomo Medda (University of Cagliari), Erasmo Purificato (European Commission, Joint Research Centre (JRC)), Mirko Marras (University of Cagliari), Fragkiskos Malliaros (CentraleSupélec, Inria, Université Paris-Saclay), Ludovico Boratto (University of Cagliari)",10.1145/3705328.3759318,https://doi.org/10.1145/3705328.3759318,,,
769,2025,LBR,,Investigating Carbon Footprint of Recommender Systems Beyond Training Time,"Josef Schodl (Johannes Kepler University Linz), Oleg Lesota (Johannes Kepler University Linz), Antonela Tommasel (CONICET-UNCPBA), Markus Schedl (Johannes Kepler University Linz)",10.1145/3705328.3759324,https://doi.org/10.1145/3705328.3759324,,,
770,2025,LBR,,Learning geometry-aware recommender systems with manifold regularization,"Zaira Zainulabidova (ITMO University), Julia Borisova (ITMO University), Alexander Hvatov (ITMO University)",10.1145/3705328.3759323,https://doi.org/10.1145/3705328.3759323,,,
771,2025,LBR,,Leveraging Geometric Insights in Hyperbolic Triplet Loss for Improved Recommendations,"Viacheslav Yusupov (HSE University), Maxim Rakhuba (HSE University), Evgeny Frolov (AIRI)",10.1145/3705328.3759328,https://doi.org/10.1145/3705328.3759328,,,
772,2025,LBR,,Lift It Up Right: A Recommender System for Safer Lifting Postures,"Gaetano Dibenedetto (University of Bari Aldo Moro), Pasquale Lops (University of Bari Aldo Moro), Marco Polignano (University of Bari Aldo Moro), Helma Torkamaan (Delft University of Technology)",10.1145/3705328.3759314,https://doi.org/10.1145/3705328.3759314,,,
773,2025,LBR,,Meta Off-Policy Estimation,Olivier Jeunen (Aampe),10.1145/3705328.3759308,https://doi.org/10.1145/3705328.3759308,,,
774,2025,LBR,,Mitigating Popularity Bias in Counterfactual Explanations using Large Language Models,"Arjan Hasami (Delft University of Technology), Masoud Mansoury (Delft University of Technology)",10.1145/3705328.3759330,https://doi.org/10.1145/3705328.3759330,,,
775,2025,LBR,,Normative Alignment of Recommender Systems via Internal Label Shift,"Johannes Kruse (JP/Politikens Media Group), Kasper Lindskow (JP/Politikens Media Group), Michael Riis Andersen (Technical University of Denmark), Ryotaro Shimizu (University of California San Diego), Julian McAuley (University of California San Diego), Pierre-Alexandre Mattei (Inria, Université Côte d’Azur), Jes Frellsen (Technical University of Denmark)",10.1145/3705328.3759309,https://doi.org/10.1145/3705328.3759309,,,
776,2025,LBR,,Opening the Black Box: Interpretable Remedies for Popularity Bias in Recommender Systems,"Parviz Ahmadov (Delft University of Technology), Masoud Mansoury (Delft University of Technology)",10.1145/3705328.3759310,https://doi.org/10.1145/3705328.3759310,,,
777,2025,LBR,,PAIRSAT: Integrating Preference-Based Signals for User Satisfaction Estimation in Dialogue Systems,"Eran Fainman (University of Haifa), Adir Solomon (University of Haifa), Osnat Mokryn (University of Haifa)",10.1145/3705328.3759325,https://doi.org/10.1145/3705328.3759325,,,
778,2025,LBR,,Parameter-Efficient Single Collaborative Branch for Recommendation,"Marta Moscati (Johannes Kepler University Linz), Shah Nawaz (Johannes Kepler University Linz), Markus Schedl (Johannes Kepler University Linz)",10.1145/3705328.3759302,https://doi.org/10.1145/3705328.3759302,,,
779,2025,LBR,,"Probabilistic Modeling, Learnability and Uncertainty Estimation for Interaction Prediction in Movie Rating Datasets","Jennifer Poernomo (Singapore Management University), Nicole Gabrielle Lee Tan (Singapore Management University), Rodrigo Alves (Czech Technical University in Prague), Antoine Ledent (Singapore Management University)",10.1145/3705328.3759332,https://doi.org/10.1145/3705328.3759332,,,
780,2025,LBR,,Recommendation Is a Dish Better Served Warm,"Danil Gusak (AIRI), Nikita Sukhorukov (AIRI), Evgeny Frolov (AIRI)",10.1145/3705328.3759331,https://doi.org/10.1145/3705328.3759331,,,
781,2025,LBR,,Recurrent Autoregressive Linear Model for Next-Basket Recommendation,"Tereza Zmeškalová (Czech Technical University in Prague), Antoine Ledent (Singapore Management University), Martin Spišák (Recombee), Pavel Kordík (Czech Technical University in Prague), Rodrigo Alves (Czech Technical University in Prague)",10.1145/3705328.3759313,https://doi.org/10.1145/3705328.3759313,,,
782,2025,LBR,,Rethinking Subjective Features in Recommender Systems: Personal Views Over Aggregated Values,"Arsen Matej Golubovikj (University of Primorska), Marko Tkalčič (University of Primorska)",10.1145/3705328.3759316,https://doi.org/10.1145/3705328.3759316,,,
783,2025,LBR,,RicciFlowRec: A Geometric Root Cause Recommender Using Ricci Curvature on Financial Graphs,"Zhongtian Sun (University of Kent), Anoushka Harit (University of Cambridge)",10.1145/3705328.3759312,https://doi.org/10.1145/3705328.3759312,,,
784,2025,LBR,,SAGEA: Sparse Autoencoder-based Group Embeddings Aggregation for Fairness-Preserving Group Recommendations,"Vít Koštejn (Faculty of Mathematics and Physics, Charles University), Ladislav Peška (Faculty of Mathematics and Physics, Charles University), Martin Spišák (Recombee)",10.1145/3705328.3759322,https://doi.org/10.1145/3705328.3759322,,,
785,2025,LBR,,Semantic IDs for Joint Generative Search and Recommendation,"Gustavo Penha (Spotify), Edoardo D’Amico (Spotify), Marco De Nadai (Spotify), Enrico Palumbo (Spotify), Alexandre Tamborrino (Spotify), Ali Vardasbi (Spotify), Max Lefarov (Spotify), Shawn Lin (Spotify), Timothy Heath (Spotify), Francesco Fabbri (Spotify), Hugues Bouchard (Spotify)",10.1145/3705328.3759300,https://doi.org/10.1145/3705328.3759300,,,
786,2025,LBR,,SlateLLM: Distilling LLM Semantics into Session-Aware Slate Recommendation without Inference Overhead,"Aayush Roy (University College Dublin), Elias Tragos (University College Dublin), Aonghus Lawlor (University College Dublin), Neil Hurley (University College Dublin)",10.1145/3705328.3759306,https://doi.org/10.1145/3705328.3759306,,,
787,2025,LBR,,t-Testing the Waters,Olivier Jeunen (Aampe),10.1145/3705328.3759307,https://doi.org/10.1145/3705328.3759307,,,
788,2025,LBR,,The Hidden Cost of Defaults in Recommender System Evaluation,"Hannah Berling (University of Gothenburg), Robin Svahn (University of Gothenburg), Alan Said (University of Gothenburg)",10.1145/3705328.3759321,https://doi.org/10.1145/3705328.3759321,,,
789,2025,LBR,,Unobserved Negative Items in Recommender Systems: Challenges and Solutions for Evaluation and Learning,Masahiro Sato (FUJIFILM),10.1145/3705328.3759315,https://doi.org/10.1145/3705328.3759315,,,
790,2025,Demo,,APS Explorer: Navigating Algorithm Performance Spaces for Informed Dataset Selection,"Tobias Vente (University of Antwerp), Michael Heep (University of Siegen), Abdullah Abbas (University of Siegen), Theodor Sperle (University of Siegen), Joeran Beel (University of Siegen), Bart Goethals (University of Antwerp)",10.1145/3705328.3759342,https://doi.org/10.1145/3705328.3759342,,,
791,2025,Demo,,ArtAICare: An End-to-End Platform for Personalized Art Therapy,"Bereket A. Yilma (University of Luxembourg), Saravanakumar Duraisamy (University of Luxembourg), Stefan Penchev (University of Luxembourg), Tudor Pristav (University of Luxembourg), Luis A. Leiva (University of Luxembourg)",10.1145/3705328.3759338,https://doi.org/10.1145/3705328.3759338,,,
792,2025,Demo,,ArtEx: A User-Controllable Web Interface for Visual Art Recommendations,"Rully Agus Hendrawan (University of Pittsburgh), Peter Brusilovsky (University of Pittsburgh), Luis A. Leiva (University of Luxembourg), Bereket A. Yilma (University of Luxembourg)",10.1145/3705328.3759343,https://doi.org/10.1145/3705328.3759343,,,
793,2025,Demo,,Blooming Beats: An Interactive Music Recommender System Grounded in TRACE Principles and Data Humanism,"Ibrahim Al-Hazwani (University of Zurich), Daniel Lutziger (University of Zurich), Carlos Kirchdorfer (University of Zurich), Luca Huber (University of Zurich), Oliver Robin Aschwanden (University of Zurich), Jürgen Bernard (University of Zurich, Digital Society Initiative), Ludovico Boratto (University of Cagliari)",10.1145/3705328.3759337,https://doi.org/10.1145/3705328.3759337,,,
794,2025,Demo,,Flights Pricelock Fee Recommendation on Online Travel Agent Platform,"Akash Khetan (MakeMyTrip pvt ltd), Narasimha Medeme (MakeMyTrip pvt Ltd), Deepak Yadav (MakeMyTrip pvt Ltd), Anmol Porwal (MakeMyTrip pvt Ltd)",10.1145/3705328.3759339,https://doi.org/10.1145/3705328.3759339,,,
795,2025,Demo,,Interactive Playlist Generation from Titles,"Eléa Vellard (EURECOM), Enzo Charolois-Pasqua (EURECOM), Youssra Rebboud (EURECOM), Pasquale Lisena (EURECOM), Raphaël Troncy (EURECOM)",10.1145/3705328.3759336,https://doi.org/10.1145/3705328.3759336,,,
796,2025,Demo,,Large Language Model-based Recommendation System Agents,"Tommaso Carraro (SonyAI), Brijraj Singh (Sony Research India), Niranjan Pedanekar (Sony Research India)",10.1145/3705328.3759334,https://doi.org/10.1145/3705328.3759334,,,
797,2025,Demo,,PRISM: From Individual Preferences to Group Consensus through Conversational AI-Mediated and Visual Explanations,"Ibrahim Al-Hazwani (University of Zurich), Oliver Aschwanden (University of Zurich), Oana Inel (University of Zurich), Jürgen Bernard (University of Zurich, Digital Society Initiative), Ludovico Boratto (University of Cagliari)",10.1145/3705328.3759340,https://doi.org/10.1145/3705328.3759340,,,
798,2025,Demo,,RecViz: Intuitive Graph-based Visual Analytics for Dataset Exploration and Recommender System Evaluation,"Jackson Dam (University of Glasgow), Zixuan Yi (University of Glasgow), Iadh Ounis (University of Glasgow)",10.1145/3705328.3759335,https://doi.org/10.1145/3705328.3759335,,,
799,2025,Demo,,"Travel Together, Play Together: Gamifying a Group Recommender System for Tourism","Patrícia Alves (ISEP, Polytechnic of Porto), Joana Neto (ISEP, Polytechnic of Porto), Jorge Lima (ISEP, Polytechnic of Porto), José Silva (ISEP, Polytechnic of Porto), Luís Conceição (ISEP, Polytechnic of Porto), Goreti Marreiros (ISEP, Polytechnic of Porto)",10.1145/3705328.3759344,https://doi.org/10.1145/3705328.3759344,,,
800,2025,Demo,,VisualReF: Interactive Image Search Prototype with Visual Relevance Feedback,"Bulat Khaertdinov (Maastricht University), Mirela Popa (Maastricht University), Nava Tintarev (Maastricht University)",10.1145/3705328.3759341,https://doi.org/10.1145/3705328.3759341,,,
801,2025,Doctoral,,Adding Value to Low-Resource Industrial Recommender Systems,Cornelia Kloppers (Stellenbosch University),10.1145/3705328.3748760,https://doi.org/10.1145/3705328.3748760,,,
802,2025,Doctoral,,Addressing Multi-stakeholder Fairness Concerns in Recommender Systems Through Social Choice,Amanda Aird (University of Colorado Boulder),10.1145/3705328.3748756,https://doi.org/10.1145/3705328.3748756,,,
803,2025,Doctoral,,Advancing User-Centric Evaluation and Design of Conversational Recommender Systems,Michael Müller (University of Innsbruck),10.1145/3705328.3748759,https://doi.org/10.1145/3705328.3748759,,,
804,2025,Doctoral,,Are Recommender Systems Serving Children? Toward Child-Aware Design and Evaluation,Robin Ungruh (Delft University of Technology),10.1145/3705328.3748752,https://doi.org/10.1145/3705328.3748752,,,
805,2025,Doctoral,,Bayesian Perspectives on Offline Evaluation for Recommender Systems,Michael Benigni (Politecnico di Milano),10.1145/3705328.3748762,https://doi.org/10.1145/3705328.3748762,,,
806,2025,Doctoral,,Beyond Persuasion: Adaptive Warnings and Balanced Explanations for Informed Decision-Making in Recommender Systems,Elaheh Jafari (University of Saskatchewan),10.1145/3705328.3748758,https://doi.org/10.1145/3705328.3748758,,,
807,2025,Doctoral,,"Challenges in Perfume Recommender Systems: Navigating Subjectivity, Context and Sensory Data",Elena-Ruxandra Lutan (University of Craiova),10.1145/3705328.3748754,https://doi.org/10.1145/3705328.3748754,,,
808,2025,Doctoral,,Fair and Transparent Recommender Systems for Advertisements,Dina Zilbershtein (Maastricht University),10.1145/3705328.3748755,https://doi.org/10.1145/3705328.3748755,,,
809,2025,Doctoral,,Full-Page Recommender: A Modular Framework for Multi-Carousel Recommendations,Jan Kislinger (Czech Technical University),10.1145/3705328.3748753,https://doi.org/10.1145/3705328.3748753,,,
810,2025,Doctoral,,Narrative-Driven Itinerary Recommendation: LLM Integration for Immersive Urban Walking,Fabio Ferrero (University of Turin),10.1145/3705328.3748751,https://doi.org/10.1145/3705328.3748751,,,
811,2025,Doctoral,,Personalized Image Generation for Recommendations Beyond Catalogs,Gabriel Patron (University of Michigan),10.1145/3705328.3748757,https://doi.org/10.1145/3705328.3748757,,,
812,2025,Doctoral,,"Recommender Systems for Digital Humanities and Archives: Multistakeholder Evaluation, Scholarly Information Needs, and Multimodal Similarity",Florian Atzenhofer-Baumgartner (Graz University of Technology),10.1145/3705328.3748761,https://doi.org/10.1145/3705328.3748761,,,
813,2026,Long Papers,,A Control Function Framework for Mitigating Position Bias in Learning to Rank Systems,"Md Aminul Islam, Kathryn Vasilaky and Elena Zheleva",10.1145/3773078.3831824,https://doi.org/10.1145/3773078.3831824,,,
814,2026,Long Papers,,A Redundancy Reduction Approach for Controllable Sequential Recommendations,"Veronika Ivanova, Marina Munkhoeva, Ivan Razvorotnev and Evgeny Frolov",10.1145/3773078.3831830,https://doi.org/10.1145/3773078.3831830,,,
815,2026,Long Papers,,Adaptive Retraining of Recommender Systems via Reinforcement Learning,"Diego Russo, Valerio La Gatta, Claudio Spasiano and Vincenzo Moscato",10.1145/3773078.3831804,https://doi.org/10.1145/3773078.3831804,,,
816,2026,Long Papers,,Addressing Cross-Stage Decoupling of Semantic and Collaborative Signals in Generative Recommendation,"Jiayi Dan, Weijian Li, Yongqi Liu and Kaiqiao Zhan",10.1145/3773078.3831736,https://doi.org/10.1145/3773078.3831736,,,
817,2026,Long Papers,,Automated Selection-based Mixture-of-Experts with Dual-stage Input–Target Pattern Learning for Sequential Recommendation,"Xiaolin Lin, Weike Pan and Zhong Ming",10.1145/3773078.3831791,https://doi.org/10.1145/3773078.3831791,,,
818,2026,Long Papers,,Beyond Fixed Depths and Widths: Optimizing Textual Decoding Tries in LLM-based Generative Recommendation,"Jingzhe Liu, Hanbing Wang, Jiliang Tang, Liam Collins, Tong Zhao, Neil Shah and Mingxuan Ju",10.1145/3773078.3831786,https://doi.org/10.1145/3773078.3831786,,,
819,2026,Long Papers,,Bilateral Intent-Enhanced Sequential Recommendation with Embedding Perturbation-Based Contrastive Learning,"Shanfan Zhang, Yuan Rao, Yongyi Lin, Jia Lei, Linghan Zhang and Shuo Wang",10.1145/3773078.3831827,https://doi.org/10.1145/3773078.3831827,,,
820,2026,Long Papers,,BiLPR: Bidirectional Teacher-Student Agent Interaction for Context-Aware Learning Path Recommendation,"Zejun Chen, Weiwei Chen, Suojuan Zhang, Zhi Zheng, Dawei Jin, Ziwei Zhao, Tong Xu, Jing Cui, Jiaqi Long and Enhong Chen",10.1145/3773078.3831772,https://doi.org/10.1145/3773078.3831772,,,
821,2026,Long Papers,,Bridge the Unseen Gap: Enhancing Non-overlapping Cross-domain CTR Prediction via Profile Retrieval,"Jingyang Bin, Xing Tang, Wei Zeng, Jianan Su, Kaixin Shen, Jingtong Wu, Chaohua Yang, Kailiang Hao, Dugang Liu and Xiuqiang He",10.1145/3773078.3831834,https://doi.org/10.1145/3773078.3831834,,,
822,2026,Long Papers,,Calibrating User Preferences for Cross-Domain Recommendation via Target-Guided Representation Mapping,"Guohang Zeng, Jie Lu and Guangquan Zhang",10.1145/3773078.3831755,https://doi.org/10.1145/3773078.3831755,,,
823,2026,Long Papers,,Coarse-to-Fine Long-term Interest Modeling for Generative Recommendation,"Shiteng Cao, Junda She, Ji Liu, Bin Zeng, Chengcheng Guo, Kuo Cai, Qiang Luo, Ruiming Tang, Han Li, Kun Gai, Zhiheng Li and Cheng Yang",10.1145/3773078.3831769,https://doi.org/10.1145/3773078.3831769,,,
824,2026,Long Papers,,CONGA: Continual Neural Gated Architecture for Long-History Sequential Recommendation,"Hoang Vu Le, Tuong Bach Hy Nguyen and Bac Le",10.1145/3773078.3831761,https://doi.org/10.1145/3773078.3831761,,,
825,2026,Long Papers,,Consensus vs. Dissent: Dynamic LLM Modeling of Subjective Preferences in Group Recommenders,"Cedric Waterschoot, Nava Tintarev and Francesco Barile",10.1145/3773078.3831775,https://doi.org/10.1145/3773078.3831775,,,
826,2026,Long Papers,,Dart: Adaptive Tweedie Likelihood Mitigates the σ Escape Route in Cross-Platform Popularity Prediction,Tomohiro Mimura,10.1145/3773078.3831839,https://doi.org/10.1145/3773078.3831839,,,
827,2026,Long Papers,,Dart: Adaptive Tweedie Objective Mitigates the $sigma$ Escape Route in Cross-Platform Popularity Prediction,Tomohiro Mimura and Syou Kan,10.1145/3773078.3831839,https://doi.org/10.1145/3773078.3831839,,,
828,2026,Long Papers,,Decoupled Learning and Selection in Slate Recommendation for Privacy and Stability Under Noisy Scores,"Sam Urmian, Qinyi Liu and Mohammad Khalil",10.1145/3773078.3831836,https://doi.org/10.1145/3773078.3831836,,,
829,2026,Long Papers,,Do We Care About Personalization and Explainability? An Interview Study with News Recommendation Engineers,"Jasmin Kareem, Siddharth Mehrotra, Martijn Willemsen and Maarten de Rijke",10.1145/3773078.3831744,https://doi.org/10.1145/3773078.3831744,,,
830,2026,Long Papers,,Do We Really Need LLMs to Augment All? A Selective Augmentation Framework with Lightweight Language Models for Multimodal CTR Prediction,"Ziyun Chen, Yuhan Wang, Honghao Li, Mengzi Tang, Qing Xie and Yongjian Liu",10.1145/3773078.3831810,https://doi.org/10.1145/3773078.3831810,,,
831,2026,Long Papers,,DP-Rec: Towards Dynamic Patching for Efficient Long-Sequence Recommendation,"Dwipam Katariya, Thomas Caputo, Akshat Shreemali, Juan Manuel Origgi, Pranab Mohanty, Nam Nguyen, Kalanand Mishra, Nikita Seleznev and James Montgomery",10.1145/3773078.3831823,https://doi.org/10.1145/3773078.3831823,,,
832,2026,Long Papers,,DPGFlow: Decoupled Preference Guided Flow Matching for Cross Domain Sequential Recommendation,"Xiaoxin Ye, Chengkai Huang, Hongtao Huang, Shoujin Wang and Lina Yao",10.1145/3773078.3831749,https://doi.org/10.1145/3773078.3831749,,,
833,2026,Long Papers,,DPGR: Dual-Domain Spatiotemporal Generative Retrieval for Intent-Aware Local Life Service Recommendation,"Lei Shao, Fei Xiong, Meng Wang, Shiqi Tian, Zihan Yang, Ran Li, Xing Dong, Ming Liu and Hao Gu",10.1145/3773078.3831742,https://doi.org/10.1145/3773078.3831742,,,
834,2026,Long Papers,,Empowering Cross-Domain Sequential Recommendation with Hybrid Tokenization and Serial-Parallel Decoding,"Yuxuan Hu, Yuhao Wang, Tianbo Huang, Chao Zhang, Ziwei Liu, Lihua Zhang and Xiangyu Zhao",10.1145/3773078.3831777,https://doi.org/10.1145/3773078.3831777,,,
835,2026,Long Papers,,FASC: A Feature Aspect-Level Sentiment Consistency Framework for Explainable Recommendation Evaluation,"Chenfu Yu, Qinglin Huang, Xiaoxuan Shen, Qian Wan, Zhicheng Dai, Jianwen Sun and Ruxia Liang",10.1145/3773078.3831792,https://doi.org/10.1145/3773078.3831792,,,
836,2026,Long Papers,,FiCoRec: Fine-Grained Contrastive Learning with Dual Aggregation for Sequential Recommendation,"Shun Zhang, Ziqiang Yin, Runsen Zhang and Junliang Pan",10.1145/3773078.3831797,https://doi.org/10.1145/3773078.3831797,,,
837,2026,Long Papers,,From Constraint to Control: Modeling Expected Fairness in Ranking Systems,"Tristan Cladière, Antoine Gourru, Bissan Audeh and Christine Largeron",10.1145/3773078.3831808,https://doi.org/10.1145/3773078.3831808,,,
838,2026,Long Papers,,GateBoxGCN: Hard-Soft Gated Box Embeddings with Graph Convolution for Recommendation,"Fan Mo, Takashi Wada, Rongqin Chen, Chongxian Chen, Xin Fan, Tianwei Chen and Hayato Yamana",10.1145/3773078.3831765,https://doi.org/10.1145/3773078.3831765,,,
839,2026,Long Papers,,Generalized Position-Based Model: Rethinking Position Weights in Ranking Off-Policy Evaluation,"Norman Knyazev, Vito Bellini, Huseyin Yurtseven and Ben London",10.1145/3773078.3831731,https://doi.org/10.1145/3773078.3831731,,,
840,2026,Long Papers,,Generating Personalized Images for Sparse-Interaction Users with Uncertainty-Aware Retrieval and Dense Knowledge Guidance,"Yuting Zhang, Ying Sun, Dazhong Shen, Ziwei Xie, Feng Liu, Changwang Zhang, Xiang Liu, Jun Wang and Hui Xiong",10.1145/3773078.3831767,https://doi.org/10.1145/3773078.3831767,,,
841,2026,Long Papers,,Give the Long-tail More SPACE: Promoting Provider Fairness in Next POI Recommendation,"Anran Zhang, Jiaqi Jiang, Jiahui Jin and Yuhan Zhao",10.1145/3773078.3831832,https://doi.org/10.1145/3773078.3831832,,,
842,2026,Long Papers,,GSPRec: On Improving Item Representations in Graph Signal Processing for Collaborative Filtering,Ahmad Bin Rabiah and Julian McAuley,10.1145/3773078.3831790,https://doi.org/10.1145/3773078.3831790,,,
843,2026,Long Papers,,GTP: Mitigating Popularity Bias in PLM-based Sequential Recommendation via Group-Aware Token Pruning,"Ruilin Yuan, Dugang Liu, Hao Chen and Zhong Ming",10.1145/3773078.3831805,https://doi.org/10.1145/3773078.3831805,,,
844,2026,Long Papers,,Hamiltonian Spectral-Temporal Dissipative Dynamics for Sequential Recommendation,Shuiying Liao and P. Y. Mok,10.1145/3773078.3831793,https://doi.org/10.1145/3773078.3831793,,,
845,2026,Long Papers,,Hierarchical Semantic Tokenization for Generative Recommendation,"Tianxin Wei, Xuying Ning, Xuxing Chen, Ruizhong Qiu, Yupeng Hou, Yan Xie, Shuang Yang, Zhigang Hua and Jingrui He",10.1145/3773078.3831740,https://doi.org/10.1145/3773078.3831740,,,
846,2026,Long Papers,,Improving Rare Medication Recommendation with Counterfactual Data Augmentation and Large Language Models,"Shinhwan Kang, Soo Yong Lee, Jaewon Kim, Kijung Shin and Buru Chang",10.1145/3773078.3831753,https://doi.org/10.1145/3773078.3831753,,,
847,2026,Long Papers,,Information-Aware Long Sequence Compression for Sequential Recommendation,"Wooseung Kang, Minje Kim, Suwon Lee, Gun-Woo Kim and Sang-Min Choi",10.1145/3773078.3831795,https://doi.org/10.1145/3773078.3831795,,,
848,2026,Long Papers,,Inverse Theory of Mind Modeling for Content Recommendation: From Web Browsing to Dynamic Intelligent Interfaces,"Mengyu Chen, Feiyu Lu, Chun-Fu Chen, Lucas Vinh Tran and Jay Katukuri",10.1145/3773078.3831787,https://doi.org/10.1145/3773078.3831787,,,
849,2026,Long Papers,,Learning Sparse Representations of Multimodal Content for Enhanced Cold Item Recommendation,Gregor Meehan and Johan Pauwels,10.1145/3773078.3831760,https://doi.org/10.1145/3773078.3831760,,,
850,2026,Long Papers,,MaskPoison: Intent-Guided Poisoning Attacks on Sequential Recommendation via Masked Discrete Diffusion,"Han Zhou, Hongxu Ma, Hui Fang, Jiayu Xu and Zhu Sun",10.1145/3773078.3831778,https://doi.org/10.1145/3773078.3831778,,,
851,2026,Long Papers,,Membership Inference Attacks on In-Context Learning Recommendation,"Jiajie He, Min-Chun Chen, Xintong Chen, Xinyang Fang, Yuechun Gu and Keke Chen",10.1145/3773078.3831733,https://doi.org/10.1145/3773078.3831733,,,
852,2026,Long Papers,,MODE: Mutual Optimality in Direct Effects of Reciprocal Recommendations in Matching Markets,Yoji Tomita,10.1145/3773078.3831764,https://doi.org/10.1145/3773078.3831764,,,
853,2026,Long Papers,,Not All Branches Are Equal: Adaptive Semantic ID Construction for Generative Recommendation,"Guy Hadad, Haggai Roitman and Bracha Shapira",10.1145/3773078.3831756,https://doi.org/10.1145/3773078.3831756,,,
854,2026,Long Papers,,On Reranking Space for Multi-Tenant Retrieval with Adapted Queries,Jun Woo Chung and Weijie Zhao,10.1145/3773078.3831781,https://doi.org/10.1145/3773078.3831781,,,
855,2026,Long Papers,,On the Convergent Validity of Offline Evaluation Designs for Recommender Systems,"Sushobhan Parajuli, Samira Vaez Barenji and Michael Ekstrand",10.1145/3773078.3831818,https://doi.org/10.1145/3773078.3831818,,,
856,2026,Long Papers,,Probabilistic Residual Learning for Online Recommendations,"Wenyuan Wang, Yusong Zhao, Zihao Xu, Hengyi Wang, Qi Xu, Zhigang Hua, Yan Xie, Yi Wang, Zihao Zhao, Bo Long, Chengzhi Mao, Shuang Yang, Hengguan Huang and Hao Wang",10.1145/3773078.3831754,https://doi.org/10.1145/3773078.3831754,,,
857,2026,Long Papers,,Purifying Interaction Sequences: Topology-Aware Spectral Denoising for Side-Information Integrated Sequential Recommendation,"Yang Jiao, Chao Yang, Bin Jiang and Junhao Gao",10.1145/3773078.3831773,https://doi.org/10.1145/3773078.3831773,,,
858,2026,Long Papers,,RecRec: Latent Interests Recursive Reasoning for Sequential Recommendation,"Wenhao Deng, Junchen Fu, Hanwen Du, Alexandros Karatzoglou, Ioannis Arapakis, Hangjun Guo, Kaiwen Zheng, Yongxin Ni and Joemon Jose",10.1145/3773078.3831821,https://doi.org/10.1145/3773078.3831821,,,
859,2026,Long Papers,,Reducing Perceived Polarization through Affect-Balanced News Reframing,"Jia-Hua Jeng, Alain D. Starke, David Elsweiler and Christoph Trattner",10.1145/3773078.3831751,https://doi.org/10.1145/3773078.3831751,,,
860,2026,Long Papers,,Residual Dominance as a Structural Account of Last-Item Reliance in Causal Self-Attention Recommenders,"Keito Kozaki, Keigo Sakurai, Ren Togo, Takahiro Ogawa and Miki Haseyama",10.1145/3773078.3831798,https://doi.org/10.1145/3773078.3831798,,,
861,2026,Long Papers,,Safety-Aware Next-POI Recommendation with Large Language Models,"Rami Zaboura, Ludovico Boratto and Adir Solomon",10.1145/3773078.3831783,https://doi.org/10.1145/3773078.3831783,,,
862,2026,Long Papers,,SAGE: Sequence-level Adaptive Gradient Evolution for Generative Recommendation,"Yu Xie, Xingkai Ren, Qi Ying, Di Jia and Yao Hu",10.1145/3773078.3831745,https://doi.org/10.1145/3773078.3831745,,,
863,2026,Long Papers,,Simulating Diverse User Behavioral Stereotypes for Evaluating Agentic Conversational Recommenders,"Alessandro Petruzzelli, Alessandro Francesco Maria Martina, Cataldo Musto, Marco de Gemmis, Pasquale Lops and Giovanni Semeraro",10.1145/3773078.3831840,https://doi.org/10.1145/3773078.3831840,,,
864,2026,Long Papers,,SPEAR: Selection-aware Personalized End-to-end Adaptive Rewriting and Retrieval for Community Search,"Wenbin Wu, Yuzhong Wu, Yufan Xu, Kuan Fang, Xing Xu, Cheng Ye and Xiaobin Hu",10.1145/3773078.3831757,https://doi.org/10.1145/3773078.3831757,,,
865,2026,Long Papers,,Stabilizing Stability and Plasticity in Graph-based Continual Recommender System,"Yixin Chen, Xiangmeng Wang and Qian Li",10.1145/3773078.3831837,https://doi.org/10.1145/3773078.3831837,,,
866,2026,Long Papers,,TAGRec: Tailness-Aware Gate for Sequential Recommendation under Long-Tailed Distributions,"Fengying Li, Jiawei Gao, Sen Li and Rongsheng Dong",10.1145/3773078.3831762,https://doi.org/10.1145/3773078.3831762,,,
867,2026,Long Papers,,The Cost of Continuous Time: Diagnosing Solver Sensitivity in Recommenders and Mitigating It via Training-Free Routing,Zixu Li and Sergio Augusto Romaña Ibarra,10.1145/3773078.3831774,https://doi.org/10.1145/3773078.3831774,,,
868,2026,Long Papers,,The Utility of LLMs in Recommender Systems Explanation Evaluation,"Kathrin Wardatzky, Oana Inel, Luca Rossetto and Abraham Bernstein",10.1145/3773078.3831835,https://doi.org/10.1145/3773078.3831835,,,
869,2026,Long Papers,,There’s Something About You: Epistemic Recommendation for Latent Interest Discovery,"Daniel Nemirovsky, Priya Khokher, Adarsh Jois, Marco Zagha and Joaquin Delgado",10.1145/3773078.3831822,https://doi.org/10.1145/3773078.3831822,,,
870,2026,Long Papers,,Topology-Aware Tokenization for Generative Recommendation,"Yaokun Liu, Yifan Liu, Zhenrui Yue, Gyuseok Lee, Zelin Li, Ruichen Yao and Dong Wang",10.1145/3773078.3831780,https://doi.org/10.1145/3773078.3831780,,,
871,2026,Long Papers,,Towards welfare-oriented recommendations in activity-travel behavior,Ekin Ugurel and Takahiro Yabe,10.1145/3773078.3831788,https://doi.org/10.1145/3773078.3831788,,,
872,2026,Long Papers,,TRACE: Targeted Ranking-Aware Counterfactual Explanation for Sequential Recommendation,"Ungsik Kim, Sang-Min Choi, Gun-Woo Kim and Suwon Lee",10.1145/3773078.3831796,https://doi.org/10.1145/3773078.3831796,,,
873,2026,Long Papers,,TSMOO: Solving Multi-Objective Experimentation with Constrained Thompson Sampling,"Krishna Chaitanya Kalagarla, Yi Liu, Lin Chai and Wenyang Liu",10.1145/3773078.3831812,https://doi.org/10.1145/3773078.3831812,,,
874,2026,Long Papers,,UniRec: A Unified Expressive-Aligned Generative Recommendation Framework for E-commerce,"Ziliang Wang, Gaoyun Lin, Xuesi Wang, Shaoqiang Liang, Yili Huang, Weijie Bian, Li Zhang, Mingchen Cai, Jian Dong and Guanxing Zhang",10.1145/3773078.3831776,https://doi.org/10.1145/3773078.3831776,,,
875,2026,Long Papers,,"When attention is bounded, structure matters: personalizing recommendation explanations under time constraints",Deo Munduku and Elsa Negre,10.1145/3773078.3831820,https://doi.org/10.1145/3773078.3831820,,,
876,2026,Long Papers,,When Do Contrastive Explanations Really Matter in Recommender Systems?,"Thi Ngoc Trang Tran, Sebastian Lubos, Alexander Felfernig, Mehrdad Rostami, Viet-Man Le and Damian Garber",10.1145/3773078.3831752,https://doi.org/10.1145/3773078.3831752,,,
877,2026,Long Papers,,Zero-Observation User Reactivation with Gap-Driven Dimensional Gating,"Jiandong Ding, Tianying Liu, Fuyuan Liu, Huijie Qin and Tiandeng Wu",10.1145/3773078.3831771,https://doi.org/10.1145/3773078.3831771,,,
878,2026,Short Papers,,A Causal Transformer Multi-Touch Attribution with Dual Debiasing and Explainable Visualization for Advertising Recommendation,Jiarong Zhang and Jing Gao,10.1145/3773078.3831779,https://doi.org/10.1145/3773078.3831779,,,
879,2026,Short Papers,,Assessing Sentiment Semantics in KG-Based Explainable Recommender Systems,"Alejandro Ariza-Casabona, Pol Pastells, Ludovico Boratto and Maria Salamo",10.1145/3773078.3831784,https://doi.org/10.1145/3773078.3831784,,,
880,2026,Short Papers,,Beyond Index-Only RoPE: Integrating Time and Order for Generative Recommendation,"Xiaokai Wei, Jiajun Wu, Daiyao Yi, Reza Shirkavand and Michelle Gong",10.1145/3773078.3831831,https://doi.org/10.1145/3773078.3831831,,,
881,2026,Short Papers,,BookForYou: Leveraging BART-Generated Narrative Tropes for Content-Based Book Recommendations,"Ritu Rajesh Kanchi, Ruhul Amin Hazarika and T. Gopalakrishnan Thirumoorthy",10.1145/3773078.3831814,https://doi.org/10.1145/3773078.3831814,,,
882,2026,Short Papers,,Candidate Retrieval for Provider Fairness under Severe Recommendation Imbalance,"Patrik Dokoupil, Ludovico Boratto and Ladislav Peska",10.1145/3773078.3831819,https://doi.org/10.1145/3773078.3831819,,,
883,2026,Short Papers,,Candidate Retrieval for Provider Fairness under Severe Recommendation Imbalance,"Patrik Dokoupil, Ludovico Boratto and Ladislav Peska",10.1145/3773078.3831819,https://doi.org/10.1145/3773078.3831819,,,
884,2026,Short Papers,,Choosing What Matters: Query-Aware Multimodal Routing for Conversational Recommendation,"Piao Huilin, Seoin Choi, Junbo Shim and Hayoung Oh",10.1145/3773078.3831803,https://doi.org/10.1145/3773078.3831803,,,
885,2026,Short Papers,,Comparability in Recommender System Evaluation,"Stefania Ionescu, Ilia Shilov and Florian Dörfler",10.1145/3773078.3831816,https://doi.org/10.1145/3773078.3831816,,,
886,2026,Short Papers,,Covariance-Aware Newton-Schulz Orthogonalization for Noise-Robust Sequential Recommendation,"Jinxin Hu, Hao Deng, Haibo Xing and Lingyu Mu",10.1145/3773078.3831766,https://doi.org/10.1145/3773078.3831766,,,
887,2026,Short Papers,,Distribution-Level Contrastive Supervision for Generative Recommendation,"Ziqi Xue, Dingxian Wang, Yimeng Bai, Shuai Zhu, Jialei Li, Xiaoyan Zhao, Frank Yang, Andrew Rabinovich, Yang Zhang and Pablo N. Mendes",10.1145/3773078.3831770,https://doi.org/10.1145/3773078.3831770,,,
888,2026,Short Papers,,Dual Conditional Diffusion for Generative Cross-Domain Recommendation via Disentangled Knowledge Transfer,"Abhradeep Datta, Arin Gupta, Varun Tej Kasula and Ashok Singh Sairam",10.1145/3773078.3831811,https://doi.org/10.1145/3773078.3831811,,,
889,2026,Short Papers,,Enriching Graph-Based Modeling with Sequential Signals for Explainable Course Recommendation,"Md Akib Zabed Khan, Dongsheng Luo and Agoritsa Polyzou",10.1145/3773078.3831826,https://doi.org/10.1145/3773078.3831826,,,
890,2026,Short Papers,,GradSup: Gradient Superposition for Personalised and Scalable LLM Recommendation,"Kanishka Dandeniya, Chirath Dasanayaka, Daswin De Silva, Sam Saltis, Shalinka Jayatilleke, Nishan Mills and Harsha Moraliyage",10.1145/3773078.3831758,https://doi.org/10.1145/3773078.3831758,,,
891,2026,Short Papers,,Hierarchical GTV Estimation: Bridging the Gap between Container-Level Ranking and Item-Level Conversion,"Zerong Lan, Fan Zhang, Chuang Chen, Tianchun Huang, Teng Zhang and Xingxing Wang",10.1145/3773078.3831759,https://doi.org/10.1145/3773078.3831759,,,
892,2026,Short Papers,,Impression Share Prediction: An Offline Evaluation Task for Ads Ranking Systems,"Mohsen Malmir, Houssam Nassif, Danish Nasir Shaikh, Taher Rahgooy and Murat Bayir",10.1145/3773078.3831809,https://doi.org/10.1145/3773078.3831809,,,
893,2026,Short Papers,,Interaction Modality and Trust: Investigating System-Driven Conversational Recommendation and Faceted Search,"Laura Modre, Ahmadou Wagne, Thomas Elmar Kolb and Julia Neidhardt",10.1145/3773078.3831813,https://doi.org/10.1145/3773078.3831813,,,
894,2026,Short Papers,,LLM-as-a-Judge for Evaluating System Responses in Conversational Music Recommendation,"Seungheon Doh, Bruno Sguerra, Sergio Oramas, Elena V. Epure and Juhan Nam",10.1145/3773078.3831800,https://doi.org/10.1145/3773078.3831800,,,
895,2026,Short Papers,,Personalized Recommendation Tool Learning via Autonomous Language Agents,"Mingdai Yang, Zhiwei Liu, Weizhi Zhang, Yibo Wang, Hao Peng and Philip Yu",10.1145/3773078.3831794,https://doi.org/10.1145/3773078.3831794,,,
896,2026,Short Papers,,Position Bias Induces Inconsistent Rankings in Listwise LLM-based Recommendation,"Ethan Bito, Yongli Ren and Estrid He",10.1145/3773078.3831801,https://doi.org/10.1145/3773078.3831801,,,
897,2026,Short Papers,,PriCoRec: A Privacy-Aware Cloud–Device Collaborative Framework for Ad Recommendation under Feature Constraints,"Dairui Liu, Zhongyi Lu, Jitao Lu, Aghiles Salah, Mete Sertkan, Roger Zhe Li, Changhong Jin, Barry Smyth, Xingsheng Guo and Ruihai Dong",10.1145/3773078.3831838,https://doi.org/10.1145/3773078.3831838,,,
898,2026,Short Papers,,Probing the LLMs for Generating User Profile of Session-based Social Recommendation,"Mengying Lu, Hai-Tao Zheng, Lan Zhou, Hong-Gee Kim and Guangxin Wang",10.1145/3773078.3831732,https://doi.org/10.1145/3773078.3831732,,,
899,2026,Short Papers,,Scaling LLM-Enhanced Linear Autoencoders to Industrial-Size Catalogs,"Maxim Skurikhin, Kiryl Liakhnovich and Oleg Lashinin",10.1145/3773078.3831815,https://doi.org/10.1145/3773078.3831815,,,
900,2026,Short Papers,,Structure-Preserving Projection for Mitigating Modality Bias in LLM-Based Sequential Recommendation,"Tzu-Wei Chiu, Song-Duo Ma, Hsin-Yu Lin and Pu-Jen Cheng",10.1145/3773078.3831768,https://doi.org/10.1145/3773078.3831768,,,
901,2026,Short Papers,,Support Gap: Selecting Fixed-K Candidate Sets for Retained Personalized Headroom,Teresa Zhang,10.1145/3773078.3831828,https://doi.org/10.1145/3773078.3831828,,,
902,2026,Short Papers,,Surface Matching in Skill Recommenders: Incomplete Evaluation Hides Simplicity Bias,"Warre Veys, Matthias De Lange, Jens-Joris Decorte, Chris Develder and Thomas Demeester",10.1145/3773078.3831842,https://doi.org/10.1145/3773078.3831842,,,
903,2026,Short Papers,,Towards Efficient Hyperbolic Representation Learning for Recommender Systems,Tendai Mukande and Noel E. O Connor,10.1145/3773078.3831789,https://doi.org/10.1145/3773078.3831789,,,
904,2026,Short Papers,,Uncertainty-Aware Gated Context Fusion for Next POI Recommendation,Soyoung Jang and Jaekwang Kim,10.1145/3773078.3831799,https://doi.org/10.1145/3773078.3831799,,,
905,2026,Short Papers,,Understanding ID-Text Complementarity in Sequential Recommendation,"Liam Collins, Bhuvesh Kumar, Clark Mingxuan Ju, Tong Zhao, Donald Loveland, Leonardo Neves and Neil Shah",10.1145/3773078.3831739,https://doi.org/10.1145/3773078.3831739,,,
906,2026,Short Papers,,When Fixed-Candidate Offline Evaluation Changes Model Selection in Two-Stage Recommenders,Teresa Zhang,10.1145/3773078.3831829,https://doi.org/10.1145/3773078.3831829,,,
907,2026,Reproducibility,,Are We Really Making Progress in Group Recommendation? Unmasking the Tie-Breaking Illusion,Song-Duo Ma and Pu-Jen Cheng,10.1145/3773078.3831853,https://doi.org/10.1145/3773078.3831853,,,
908,2026,Reproducibility,,Attacking and Defending Multi-Agent Collaborative Filtering Systems Through Connectivity,"Anjun Hu, Hanting Xie, Saranya Govindan, Jas Kandola and Kurt Cutajar",10.1145/3773078.3831748,https://doi.org/10.1145/3773078.3831748,,,
909,2026,Reproducibility,,Personalised Drug Recommender Systems based on Electronic Health Records: Reproducibility and External Validity,Archie Carpenter and Dietmar Jannach,10.1145/3773078.3831844,https://doi.org/10.1145/3773078.3831844,,,
910,2026,Reproducibility,,We’ve Already Been There: A Study of Data Leakage in Ephemeral Group Recommender Systems,Tom Lupicki,10.1145/3773078.3831857,https://doi.org/10.1145/3773078.3831857,,,
911,2026,PPF Papers,,A Position Paper on Recommender Systems in the Era of Autonomous Agents,Aixin Sun,10.1145/3773078.3831734,https://doi.org/10.1145/3773078.3831734,,,
912,2026,PPF Papers,,Backward and Inward: From Preferences to Personalization and the Safety Crisis Within Conversational Recommender Systems,Priyansh Singhal and Sumit Maheshwari,10.1145/3773078.3831802,https://doi.org/10.1145/3773078.3831802,,,
913,2026,PPF Papers,,Beyond Passive Preference Inference: User-Governed Preference Memory and Calibrated Initiative in Recommender Systems,"Kaiwen Deng, Hao Jiang, Jiaxin Cheng and Wenming Yang",10.1145/3773078.3831841,https://doi.org/10.1145/3773078.3831841,,,
914,2026,PPF Papers,,"Codebook-Based Semantic IDs in Generative Recommendation: Enabling Interface, Emerging Bottleneck",Danil Gusak and Evgeny Frolov,10.1145/3773078.3831806,https://doi.org/10.1145/3773078.3831806,,,
915,2026,PPF Papers,,EachMovie: archaeology of the first latent recommender system,John DeTreville,10.1145/3773078.3831738,https://doi.org/10.1145/3773078.3831738,,,
916,2026,PPF Papers,,Forward and Outward: From Aggregate to Individual and Towards Human Understanding in Conversational Recommendation,Priyansh Singhal and Sumit Maheshwari,10.1145/3773078.3831807,https://doi.org/10.1145/3773078.3831807,,,
917,2026,PPF Papers,,From Side Information and Knowledge Graphs to Large Language Models: Two Decades of Knowledge Integration in Recommender Systems,"Claudio Pomo, Diego Baquero Sanz, Liam Claude Morris, Ludovico Boratto, Fedelucio Narducci and Tommaso Di Noia",10.1145/3773078.3831782,https://doi.org/10.1145/3773078.3831782,,,
918,2026,PPF Papers,,From User–Item Edges to Exposure Allocation: Matching Evidence to Platform-Level Recommender Claims,Teresa Zhang,10.1145/3773078.3831833,https://doi.org/10.1145/3773078.3831833,,,
919,2026,PPF Papers,,"Some People Are Worth Recommending For: Twenty Years of Progress, Gaps, and Opportunities For and With Children at RecSys",Robin Ungruh and Maria Soledad Pera,10.1145/3773078.3831735,https://doi.org/10.1145/3773078.3831735,,,
920,2026,PPF Papers,,The Underrated Catalyst: Advancing Critiquing Towards Steerable and Next-Generation LLM Recommendations.,"Huanyu Zhang, Xiaoxuan Shen, Baolin Yi and Yinao Xie",10.1145/3773078.3831763,https://doi.org/10.1145/3773078.3831763,,,
921,2026,PPF Papers,,Towards the Human-Centered Study of Recommender System Providers,Elizabeth McKinnie and Robin Burke,10.1145/3773078.3831817,https://doi.org/10.1145/3773078.3831817,,,
922,2026,PPF Papers,,User-Controlled Intent Layers for LLM-Mediated Personalization: A Research Agenda for Recommender Systems,"Jiahao Liu, Mingzhe Han, Guanming Liu, Weihang Wang, Dongsheng Li, Hansu Gu, Peng Zhang, Tun Lu and Ning Gu",10.1145/3773078.3831743,https://doi.org/10.1145/3773078.3831743,,,
923,2026,PPF Papers,,Who Are We Recommending To? Recommender Systems in the Agentic Web,"Himan Abdollahpouri, Kyle Kretschman, Sai Ravindranath, Jackie Doremus and Mounia Lalmas",10.1145/3773078.3831785,https://doi.org/10.1145/3773078.3831785,,,
924,2026,Resource,,Binge Watch: Reproducible Multimodal Benchmarks Datasets for Large-Scale Movie Recommendation on MovieLens-10M and 20M,"Giuseppe Spillo, Alessandro Petruzzelli, Cataldo Musto, Marco de Gemmis, Pasquale Lops and Giovanni Semeraro",10.1145/3773078.3831852,https://doi.org/10.1145/3773078.3831852,,,
925,2026,Resource,,hoploy: a Plugin-Based Inference Layer for Path-Based Explainable Recommendation over Knowledge Graphs,"Ludovico Boratto, Gianni Fenu, Mirko Marras, Giacomo Medda and Alessio Sechi",10.1145/3773078.3831856,https://doi.org/10.1145/3773078.3831856,,,
926,2026,Resource,,JTH: A Dataset for Evaluating Cold-Start and Temporal Dynamics in Job Recommendation,"Julien Romero, Yann Millet and Éric Behar",10.1145/3773078.3831846,https://doi.org/10.1145/3773078.3831846,,,
927,2026,Resource,,"scikit-rec: A Unified, Extensible Recommendation Library with scikit-rec-agent, a Conversational Interface","Shankar Sankararaman, Ivelin Angelov, Tin Nguyen, Jingyuan Zhang, Shivani Gowrishankar, Jaspreet Singh, Bowen Long, Qingbo Hu and Parvez Ahammad",10.1145/3773078.3831851,https://doi.org/10.1145/3773078.3831851,,,
928,2026,Resource,,WatchLens: A Configurable Platform for Online Video Recommendation Experiments,Deogyong Kim and Dongha Lee,10.1145/3773078.3831858,https://doi.org/10.1145/3773078.3831858,,,
929,2026,Resource,,WorkRB: A Community-Driven Evaluation Framework for AI in the Work Domain,"Matthias De Lange, Warre Veys, Federico Retyk, Daniel Deniz, Warren Jouanneau, Mike Zhang, Aleksander Bielinski, Emma Jouffroy, Nicole Clobes, Nina Baranowska, David Graus, Marc Palyart, Rabih Zbib, Dimitra Gkatzia, Thomas Demeester, Tijl De Bie, Toine Bogers, Jens-Joris Decorte and Jeroen Van Hautte",10.1145/3773078.3831737,https://doi.org/10.1145/3773078.3831737,,,
930,2026,Resource,,τ-Rec: A Verifiable Benchmark for Agentic Recommender Systems,Bharath Narasimhan and Karthik Narasimhan,10.1145/3773078.3831847,https://doi.org/10.1145/3773078.3831847,,,
931,2026,Industry,,A Framework for Value-Aligned Modeling and Robust Experimentation,"Krishna Harsha Reddy Kothapalli, Angela Liu, Kamal Nayan Reddy Challa, Pavithra Seshadrivijayakrishnan, Yongpeng Yang and Mustafa Ispir",10.1145/3773078.3831893,https://doi.org/10.1145/3773078.3831893,,,
932,2026,Industry,,A Self-Triggered Agentic Push Recommendation System,"Zhao-Yu Zhang, Qingying Chen, Chunyuan Zheng, Jing Zhou, Jian Sun, Siqi Chen, Leiying Chen, Chuan Zhou, Huiyou Jiang, Xin Tao, Haoxuan Li and Zhouchen Lin",10.1145/3773078.3831932,https://doi.org/10.1145/3773078.3831932,,,
933,2026,Industry,,A Unified Generative Re-ranking Framework with Adaptive Multi-objective Fusion,"Heng Zhang, Yifan Gu, Wei Xu, Lei Cheng, Chuan Yuan and Hengrui Zhang",10.1145/3773078.3831879,https://doi.org/10.1145/3773078.3831879,,,
934,2026,Industry,,Advancing Relevance Measurement with Vision–Language Models for Web-Scale Search,Han Wang and Alex Whitworth,10.1145/3773078.3831891,https://doi.org/10.1145/3773078.3831891,,,
935,2026,Industry,,Alignment + Accuracy: The Cascade Reward Representation for Preranking,"Hedi Xia, Dylan Zhou, Yali Bian, Yichu Zhou, Zili Li, Tianyou Wang, Bella Huang, Hongbo Deng, Piyush Maheshwari, Dafang He, Darren Reger, Bowen Deng and James Li",10.1145/3773078.3831885,https://doi.org/10.1145/3773078.3831885,,,
936,2026,Industry,,Attending to the Core: Core-Task Attention for Recommendation,"Jingyan Chen, Chenye Sun, Man Zhou, Yunhe Guo, Siyu Gu and Peng Jiang",10.1145/3773078.3831902,https://doi.org/10.1145/3773078.3831902,,,
937,2026,Industry,,Bootstrapping Conversational Recommendation Agents At Spotify: Synthetic Data Generation and Self-Improvement Loops,"Enrico Palumbo, Alexandre Tamborrino, Victor Ode, Ben Lacker, Adrià Casas Escoda, Jeremy Hopple, Marcus Better, James Leoni, Hugo Galväo, Hugues Bouchard, Mounia Lalmas, Jose Luis Redondo-García, Abenezer Abebe, Ann Clifton, Anton Blomberg, Henrik Lindström, Dani Doro and Christine Doig Cardet",10.1145/3773078.3831910,https://doi.org/10.1145/3773078.3831910,,,
938,2026,Industry,,Breaking the Loop: An Empirical Comparison of Strategies for Novelty and Freshness in YouTube Music,"Srivaths Ranganathan, Zihuan Diao, Bernardo Cunha, Joshua L. Moore, Robin Dumas, Murat Goksedef, Yanwei Song, Mukai Lu, Gergo Varady and Tracy Pesin",10.1145/3773078.3831876,https://doi.org/10.1145/3773078.3831876,,,
939,2026,Industry,,Building a User Foundation Model for the Open Web,"Ivan Can Arisoy, Solal Vernier, Merwan Barlier and Blaž Škrlj",10.1145/3773078.3831931,https://doi.org/10.1145/3773078.3831931,,,
940,2026,Industry,,"CAPTS: Channel-Aware, Preference-Aligned Trigger Selection for Multi-Channel Item-to-Item Retrieval","Xiaoyou Zhou, Yuqi Liu, Zhao Liu, Xiao Lv, Bo Chen, Ruiming Tang, Guorui Zhou, Han Li and Kun Gai",10.1145/3773078.3831883,https://doi.org/10.1145/3773078.3831883,,,
941,2026,Industry,,ConAlign: Conditional Alignment Framework for Balancing Biased and Unbiased Recommendation,"Jingcheng Zhang, Yihan Wang, Qi Song and Liyin Hong",10.1145/3773078.3831873,https://doi.org/10.1145/3773078.3831873,,,
942,2026,Industry,,DART – Drift Aware Ranking with forecasTing and uncertainty,"Deep Nayak, Shreyas S and Sivaramakrishnan Kaveri",10.1145/3773078.3831908,https://doi.org/10.1145/3773078.3831908,,,
943,2026,Industry,,DRanker: A Transformer-Based Multi-Task Ranking Model for the Disney+ Homepage,"Priya Nirmal Singh Khokher, Daniel Nemirovsky, Benjamin Whitesell, Ethan Sukrae Lee and Eric Wulf",10.1145/3773078.3831875,https://doi.org/10.1145/3773078.3831875,,,
944,2026,Industry,,EGR: Embedding-Native Generative Retrieval with a Shared LLM,"Xiaodong Liu, Congfei Zhang, Hsiang-Wei Chao, Siman Wang, Tong Zhao, Xiao Bai, Vincent Zhang, Jingxiao Ma, Zhe Liu, Wenfeng Zhuo, Zichu Li, Jitin Krishnan, Yunzhi Zhou, Yajun Wang, Jinchao Li and Yu Zhang",10.1145/3773078.3831916,https://doi.org/10.1145/3773078.3831916,,,
945,2026,Industry,,Embedding Subspace Partitioning for Dynamic Multi-Objective Retrieval,"Shaobo Zhang, Alice Leung, Yunxiang Ren, Ping Liu, Yuchin Juan, Qianqi Shen, Benjamin Le, Jianqiang Shen, Chengming Jiang, Ko-Cheng Wang, Vidya Krishnamurthy, Caleb Johnson, Fedor Borisyuk, Luke Simon, Jingwei Wu and Wenjing Zhang",10.1145/3773078.3831892,https://doi.org/10.1145/3773078.3831892,,,
946,2026,Industry,,Entity Representation Learning Through Onsite-Offsite Graph for Pinterest Ads,"Zhimeng Pan, Jiayin Jin, Yang Tang, Jiarui Feng, Kungang Li, Chongyuan Xiang, Jiacheng Li, Runze Su, Chuizheng Meng, Siping Ji, Han Sun, Litian Tao, Ling Leng and Jamieson Kerns",10.1145/3773078.3831926,https://doi.org/10.1145/3773078.3831926,,,
947,2026,Industry,,FLUID: From Ephemeral IDs to Multimodal Semantic Codes for Billion-Scale Livestreaming Recommendation,"Xinhang Yuan, Zexi Huang, Anjia Cao, Xudong Lu, Zikai Wang, Penghao Zhou, Chang Liu, Wentao Guo and Qinglei Wang",10.1145/3773078.3831918,https://doi.org/10.1145/3773078.3831918,,,
948,2026,Industry,,From Exploitation to Balance: Efficient Retargeting Recommendation via DPO-Guided Slot Allocation,"Jiangwei Deng, Xiruo Shi, Lifang Deng, Dan Wang, Linke Zhao, Yujing Song and Xiaoyi Zeng",10.1145/3773078.3831888,https://doi.org/10.1145/3773078.3831888,,,
949,2026,Industry,,From M Passes to One: A MapReduce-Style Bootstrap for Pointwise Off-Policy Evaluation in Production Recommenders,Ghulam Ahmed Ansari and Cheng Ding,10.1145/3773078.3831911,https://doi.org/10.1145/3773078.3831911,,,
950,2026,Industry,,From Placements to Pages: Modeling Recommendation Module Interactions with Sequential Transformer Neural Bandits,"Xingming Qu, Peijun Zou, Jing Shao, Xin Yin, Albert Hsiung, Kathy Hu, Nitish Dhinaharan, Dan Schonfeld, Kevin Liu, Shawn Zhou, Binbin Li, Adam Ilardi, Jesse Lute and Julie Cheng",10.1145/3773078.3831913,https://doi.org/10.1145/3773078.3831913,,,
951,2026,Industry,,Generative Spatiotemporal Intent Sequence Recommendation via Implicit Reasoning in Amap,"Sicong Wang, Ruiting Dong, Yue Liu, Bowen Zheng, Jun Meng, Jie Li, Shuaijun Guo, Yu Gu, Fanyi Di and Xin Li",10.1145/3773078.3831861,https://doi.org/10.1145/3773078.3831861,,,
952,2026,Industry,,Generative Spatiotemporal Intent Sequence Recommendation via Implicit Reasoning in Amap,"Sicong Wang, Ruiting Dong, Yue Liu, Bowen Zheng, Jun Meng, Jie Li, Shuaijun Guo, Yu Gu, Fanyi Di and Xin Li",10.1145/3773078.3831861,https://doi.org/10.1145/3773078.3831861,,,
953,2026,Industry,,GenPage: Towards End-to-End Generative Homepage Construction at Netflix,"Lequn Wang, Jiangwei Pan and Linas Baltrunas",10.1145/3773078.3831915,https://doi.org/10.1145/3773078.3831915,,,
954,2026,Industry,,GRIP: Generation and Reasoning for User Profile Completion,"Riwei Lai, Yu Xia, Li Chen, Beibei Kong, Lei Cheng, Chengxiang Zhuo, Zang Li and Chenyun Yu",10.1145/3773078.3831924,https://doi.org/10.1145/3773078.3831924,,,
955,2026,Industry,,Guess Where You Go: Generative Next Point-of-Interest Recommendation in Amap,"Penglong Zhai, Bowen Zheng, Jie Li, Yifang Yuan, Yue Liu, Sicong Wang, Mingyang Yin, Tingting Hu, Shuaijun Guo, Fanyi Di and Xin Li",10.1145/3773078.3831863,https://doi.org/10.1145/3773078.3831863,,,
956,2026,Industry,,Heterogeneous Ranking in Industrial-Scale Recommender Systems: A Case Study,"Di Bai, Jintao Liu, Zhenwei Tang, Peifan Wu, Nada Al-Thawr and Luoshu Wang",10.1145/3773078.3831848,https://doi.org/10.1145/3773078.3831848,,,
957,2026,Industry,,HIPA-Net: Heterogeneous Intent Projection Alignment for Feedback Calibration in CVR Prediction,"Mengqing Ye, Jianwei Zhai, Bobo Cheng, Fei Pan and Peng Jiang",10.1145/3773078.3831909,https://doi.org/10.1145/3773078.3831909,,,
958,2026,Industry,,Hybrid Retrieval and Multimodal Reranking for Item-to-Item Recommendation in a C2C Marketplace,"Yusuke Shido, Ryo Watanabe, Yuta Ueno, Yuki Yada and Shinya Yaginuma",10.1145/3773078.3831894,https://doi.org/10.1145/3773078.3831894,,,
959,2026,Industry,,Hypothesis-Driven Shelf Generation for Personalised Recommendation,"Aleksandr V. Petrov, Tarun Chillara, Matthew D. Moellman, Lucas de Haas, Yabai Song, Alina Susoykina, Melissa Crawford, Gabriel Negash, Erik Franco, Tasnim Rahman, Binal Jhaveri, Shubham Bansal, Hugues Bouchard, Roberto Mirizzi, Mounia Lalmas and Aloïs Gruson",10.1145/3773078.3831914,https://doi.org/10.1145/3773078.3831914,,,
960,2026,Industry,,IDProxy: CTR Prediction with Multimodal LLMs for Cold-Start Recommendation at Xiaohongshu,"Yubin Zhang, Haiming Xu, Guillaume Salha-Galvan, Ruiyan Han, Feiyang Xiao, Yanhua Huang, Li Lin, Luo Yang and Yao Hu",10.1145/3773078.3831874,https://doi.org/10.1145/3773078.3831874,,,
961,2026,Industry,,Interest Sequence for User Modeling in Industrial Short-Form Video Recommendation,"Yuanzhen Lin, Diego Uribe, Yuan Shao, Ruixiao Sun, Yongle Cao, Zhimeng Jiang, Yuening Li, Yang Gu, Chuan He, Liang Liu and Sourabh Bansod",10.1145/3773078.3831901,https://doi.org/10.1145/3773078.3831901,,,
962,2026,Industry,,Learned Cross-Task Relationships in Multi-Task Models,"Victor Zhang, Yiping Yuan, Florian Raudies, Bosun Adeoti, Brian Leung, Sanjay Surendranath Girija and Naijing Zhang",10.1145/3773078.3831878,https://doi.org/10.1145/3773078.3831878,,,
963,2026,Industry,,"LLM Reasoning for Subjective Tasks: Failure Modes, Mitigation, and Dynamic Reasoning Routing","Juncheng Dong, Ding Tong, Ishan Gupta and Yuyan Wang",10.1145/3773078.3831929,https://doi.org/10.1145/3773078.3831929,,,
964,2026,Industry,,LLM-Based Re-Ranking for Real Estate Search,"Nkateko Ntimane, Rafael Guedes, Tiago Cunha and Pedro Nogueira",10.1145/3773078.3831907,https://doi.org/10.1145/3773078.3831907,,,
965,2026,Industry,,LLM-Based User Personas for Recommendations at Scale,"Haoting Wang, Haokai Lu, Zheyun Feng, Jenny Huang, Yifat Amir, Gregory Hinkson, Ben Most, Zelong Zhao, Yixin Kelly Cui, Rein Zhang, Fabio Soldo, Yu Xia, Nihar Bhupalam, Minmin Chen, Konstantina Christakopoulou, Lichan Hong and Ed H. Chi",10.1145/3773078.3831903,https://doi.org/10.1145/3773078.3831903,,,
966,2026,Industry,,LO-FAR: A Cost-Aware Local Filter for Sparse Feature Ranking in Industrial Ad Recommendation,"Egemen Erbayat, Luis Duque, Sohini Roychowdhury, Mohammad Amin and Srihari Reddy",10.1145/3773078.3831906,https://doi.org/10.1145/3773078.3831906,,,
967,2026,Industry,,Long-term User Engagement Optimization through Model-agnostic Downstream Rewards Learning,"Derek Wang, Filip Ryzner, Kelly He, Armando Ordorica, David Woo, Aditya Mantha, Liyao Lu, Usha Amrutha Nookala, Haoran Guo, Jiacong He, Olafur Gudmundsson, Matt Chun, Krystal Benitez, Dhruvil Deven Badani and Yijie Dylan Wang",10.1145/3773078.3831912,https://doi.org/10.1145/3773078.3831912,,,
968,2026,Industry,,M2R: End-to-End Implicit Scenario Discovery for Multi-Scenario and Multi-Crowd Ranking,"Yuanhang Zhou, Chaoqun Hou, Wenzheng Fang, Jiaqi Zheng, Cheng Guo, Tong Liu and Bo Zheng",10.1145/3773078.3831882,https://doi.org/10.1145/3773078.3831882,,,
969,2026,Industry,,MDGR: Masked Diffusion Generative Recommendation,"Lingyu Mu, Hao Deng, Haibo Xing, Jinxin Hu, Yu Zhang, Xiaoyi Zeng and Jing Zhang",10.1145/3773078.3831862,https://doi.org/10.1145/3773078.3831862,,,
970,2026,Industry,,Melo: A Production LLM-Powered Music Recommendation Agent,"Shijia Wang, Da Guo, Qiang Xiao, Fanghui Bi, Weisheng Li, Dongjing Wang and Chuanjiang Luo",10.1145/3773078.3831935,https://doi.org/10.1145/3773078.3831935,,,
971,2026,Industry,,Mend the Measurement Gap: Latent User Preference Modeling for Short-Form Video Recommendation,"Shuo Chang, Jiangguo Zhang, Yueqi Wang, Zihuan Diao, Dapeng Hong, Ali Montazer, Joyneel Misra, Tomer Margolin, Sourabh Bansod and Ningren Han",10.1145/3773078.3831923,https://doi.org/10.1145/3773078.3831923,,,
972,2026,Industry,,MESH: Scaling Up Retrieval with Heterogeneous Content Unification,"Jiaxing Qu, Yilin Chen, Junpeng Hou, Jinfeng Rao, Olafur Gudmundsson, Sai Xiao and Huizhong Duan",10.1145/3773078.3831925,https://doi.org/10.1145/3773078.3831925,,,
973,2026,Industry,,MoR: An Adaptive Retrieval Allocation Balancing Long-Term Interest and Short-Term Evidence,"Yan Fu, Roni Peled, Brian Biesel, Werner Mostert, Raghuram Krishnaswami, Fei Wang and Qilin Qi",10.1145/3773078.3831920,https://doi.org/10.1145/3773078.3831920,,,
974,2026,Industry,,Mosaic: A Fleet of User Embedding Specialists for Recommendation at Meta,"Zhiyuan Zheng, Xian Sun, Xiangyang Mou, Yujunrong Ma, Christina You, Michael He, Hrishikesh Paranjape, Aakarsha Agarwal and Hong Li",10.1145/3773078.3831897,https://doi.org/10.1145/3773078.3831897,,,
975,2026,Industry,,Multi-Objective Ranking for Live-Streaming: Balancing Fresh and Delayed Signals with Segment-Aware Targeting,"Xiaoyi Gu, Julia Tavares, Eder Santana, Carlos Mendoza-Cardenas, Nikita Mishra and Saad Ali",10.1145/3773078.3831867,https://doi.org/10.1145/3773078.3831867,,,
976,2026,Industry,,Multi-Probe Zero Collision Hash (MPZCH): Mitigating Embedding Collisions and Enhancing Model Freshness in Large-Scale Recommenders,"Ziliang Zhao, Bi Xue, Emma Lin, Tianqi Lu, Mengjiao Zhou, Kaustubh Vartak, Shakhzod Ali-Zade, Tao Li, Bin Kuang, Rui Jian, Bin Wen, Dennis Van Der Staay, Yixin Bao, Xiujin Li, Chao Deng, Henry Wei, Songbin Liu, Qifan Wang and Kai Ren",10.1145/3773078.3831866,https://doi.org/10.1145/3773078.3831866,,,
977,2026,Industry,,Multilingual Semantic Retrieval for Apple Music Search,"Vishalaksh Aggarwal, Kevin Sebastian, Vivek Kanojiya, Leo Le, Nick Tucey and Santosh Shankar",10.1145/3773078.3831917,https://doi.org/10.1145/3773078.3831917,,,
978,2026,Industry,,NextGen: A Multi-Objective Generative Re-ranking Framework for Taobao Recommendation,"Longxiang Xiong, Chaoqun Hou, Zihao Zhu, Cheng Guo, Tong Liu and Bo Zheng",10.1145/3773078.3831881,https://doi.org/10.1145/3773078.3831881,,,
979,2026,Industry,,Personalizing Incremental Video Search with Hybrid Text and ID Embeddings,"Vivek Kanojiya, Vishalaksh Aggarwal, Daeho Baek, Lyndon Kennedy and Xuetao Yin",10.1145/3773078.3831896,https://doi.org/10.1145/3773078.3831896,,,
980,2026,Industry,,PinDCO: Whole-Page Aware Dynamic Creative Optimization at Scale,"Yu Hao, Yuchun Li, Peimeng Sui, Meilin Liu, Tianyuan Cui, Hao Li, Zicong Zhou and Akanksha Baid",10.1145/3773078.3831871,https://doi.org/10.1145/3773078.3831871,,,
981,2026,Industry,,PLAIN: An Explainable Generative Search System Enhanced by Multi-granularity Semantic Alignment,"Guoliang Zhang, Weifan Wang, Junyao Zhao, Zhuo Li, Hongjing Zhang, Xiaobo Guo, Zhixin Zhai, Yonghui Zhao, Zhihao Wang, Jiayang Liu, Yingjie Cui, Jiwei Tan and Xuanping Li",10.1145/3773078.3831884,https://doi.org/10.1145/3773078.3831884,,,
982,2026,Industry,,POEM: Partial-Order Enhanced Real-Time Sequential Modeling for Recommendation,"Linxiao Che, Sun Yijia, Siyuan Lou, Shanshan Huang, Qiang Luo, Ruiming Tang, Han Li and Kun Gai",10.1145/3773078.3831872,https://doi.org/10.1145/3773078.3831872,,,
983,2026,Industry,,Progressive Alignment of Recommender Foundation Model through Multi-Phase Post-Training,"Oseong Choi, Hoeinn Kim, Jihoon Lee, Byungsoo Kang and Taeyeong Jang",10.1145/3773078.3831870,https://doi.org/10.1145/3773078.3831870,,,
984,2026,Industry,,PROMISE: Process Reward Models for Unlocking Test-Time Scaling Laws in Generative Recommendations,"Chengcheng Guo, Kuo Cai, Yu Zhou, Qiang Luo, Ruiming Tang, Han Li, Kun Gai and Guorui Zhou",10.1145/3773078.3831741,https://doi.org/10.1145/3773078.3831741,,,
985,2026,Industry,,RankGraph-2: Lifecycle Co-Design for Billion-Node Graph Learning in Recommendation,"Renzhi Wu, Zikun Cui, Junjie Yang, Tai Guo, Hong Li, Xian Chen, Li Yu, Ke Pan, Sri Reddy, Mahesh Srinivasan, Nipun Mathur, Haomin Yu and Hong Yan",10.1145/3773078.3831843,https://doi.org/10.1145/3773078.3831843,,,
986,2026,Industry,,RECAP: Feedback-Driven Streaming Semantic User Profiles for Short-Video Recommendation,"Ziyi Zhao, Xiaoyou Zhou, Xiao Lv, Yangyang Li, Chubo He, Zhao Liu, Jiayao Shen, Yuqi Liu, He Li, Chengyi Zhang, Jian Liang, Ming Li, Chongming Gao, Fuli Feng, Ruiming Tang and Han Li",10.1145/3773078.3831930,https://doi.org/10.1145/3773078.3831930,,,
987,2026,Industry,,RecEvolve: A Knowledge-Driven Autonomous Agent System for Recommender Systems,"Weidi Pan, He Ma, Shuhao Ye, Palaksh Rungta, David McPeek, Junyi Jiao, Arnab Bhadury, Mingyan Gao and Onkar Dalal",10.1145/3773078.3831898,https://doi.org/10.1145/3773078.3831898,,,
988,2026,Industry,,REEF: Real-time end-to-end Explore-Exploit framework for e-commerce Feeds,"Devashish Gupta, Divay Jindal, Venkata Velugoti, Karthik Sundar, Vaishnav Chandak, Bhavuk Singhal, Vinit Rongata, Ravindra Yadav and Debdoot Mukherjee",10.1145/3773078.3831934,https://doi.org/10.1145/3773078.3831934,,,
989,2026,Industry,,"Sample Is Feature: Beyond Item-Level, Toward Sample-Level Tokens for Unified Large Recommender Models","Shuli Wang, Junwei Yin, Changhao Li, Senjie Kou, Chi Wang, Yinqiu Huang, Yinhua Zhu, Haitao Wang and Xingxing Wang",10.1145/3773078.3831746,https://doi.org/10.1145/3773078.3831746,,,
990,2026,Industry,,Self-Evolving Recommendation System: End-To-End Autonomous Model Optimization With LLM Agents,"Haochen Wang, Yi Wu, Daryl Chang, Li Wei and Lukasz Heldt",10.1145/3773078.3831919,https://doi.org/10.1145/3773078.3831919,,,
991,2026,Industry,,SequenceO1: End-to-End Ultra-Long (100K) Sequence Modeling in Recommendation with Low-Rank Caching,"Lin Guan, Jia-Qi Yang, Zhishan Zhao, Jiaqi Huang, Hangyu Wang, Longbin Li, Beichuan Zhang, Haonan Jiang, Jinan Ni, Xiangyu Fan, Xiaowen Li, Ziyao Ren, Yuhang Qi, Xiaolong Zhu, Xuanyuan Luo, Qiwei Chen, Yi Cheng and Lele Yu",10.1145/3773078.3831864,https://doi.org/10.1145/3773078.3831864,,,
992,2026,Industry,,Shape Your Feed: An LLM-based Agentic System for Conversational Recommendation,"Ziyun Xu, Bosen Ding, Ji Qi, Qingyuan Song, Jizhou Huang, Liwei Wang, Yue Zhang, Qichao Que, Yue Weng, Zhenheng Yang, Junfeng Pan, Jeffrey Santelli and Linhong Zhu",10.1145/3773078.3831877,https://doi.org/10.1145/3773078.3831877,,,
993,2026,Industry,,SMART: LLM-Augmented Hybrid Retrieval for Dynamic Product Ads,"Congfei Zhang, Jingxiao Ma, Xiaodong Liu, Hsiang-Wei Chao, Siman Wang, Ge Liu, Shantanu Aggarwal, Vincent Zhang, Xiao Bai, Yunzhi Zhou, Yajun Wang, Zhe Liu, Jinchao Li, Yu Zhang, Rachel Liao and Meghana Missula",10.1145/3773078.3831922,https://doi.org/10.1145/3773078.3831922,,,
994,2026,Industry,,Soft Curriculum Learning for Optimizing Fresh and Generalized Recommendations,"Arnab Bhadury, Siyan Zheng, Anlan Yu, Palaksh Rungta, Jiawei Li, Changping Meng, Dapeng Hong, Chuan He and Onkar Dalal",10.1145/3773078.3831904,https://doi.org/10.1145/3773078.3831904,,,
995,2026,Industry,,Space Efficient Item Embeddings for Large Recommender Systems,"Duy Nguyen, Devanshu Jain, Mike Lawrence, Steffen Rendle, Kun Su and Anushya Subbiah",10.1145/3773078.3831890,https://doi.org/10.1145/3773078.3831890,,,
996,2026,Industry,,Structuring and Tokenizing Distributed User Interest Context for Generative Recommendation,"Ruizhong Qiu, Yinglong Xia, Dongqi Fu, Hanqing Zeng, Ren Chen, Xiangjun Fan, Hong Li, Hong Yan and Hanghang Tong",10.1145/3773078.3831928,https://doi.org/10.1145/3773078.3831928,,,
997,2026,Industry,,The Text on the Creative: An Under-Exploited Ranking Modality for Short-Form Video Ads,"Shubham Goel, Angli Liu, Antoine Simoulin, Himanshu Thakur, Qin Huang, Benjamin Au, Guy Lebanon, Sagar Chordia, Andrew Treadway, Wendy Jiang, Yiding Wen, Jianing Fu, Alan Li, Haibo Zhang, Selahattin Akkas, Calvin Ma, Zhen Zeng and Yunyu He",10.1145/3773078.3831887,https://doi.org/10.1145/3773078.3831887,,,
998,2026,Industry,,Token Factory: Efficiently Integrating Diverse Signals into Large Recommendation Models,"Xilun Chen, Shao-Chuan Wang, Baykal Cakici, Lukasz Heldt, Lichan Hong, Raghu Keshavan, Aniruddh Nath, Li Wei and Xinyang Yi",10.1145/3773078.3831865,https://doi.org/10.1145/3773078.3831865,,,
999,2026,Industry,,Tokens are All You Need: Dual-purpose Semantic IDs for Achieving LLM-Level I/O Efficiency in Recommendation Systems,"Baolei Li, Yiping Yuan, Yilin Zheng, Likang Yin, Ling Liu, Fabio Soldo, Romer Rosales, Xinyang Yi and Lichan Hong",10.1145/3773078.3831900,https://doi.org/10.1145/3773078.3831900,,,
1000,2026,Industry,,Towards Full Candidate Interaction: A Comprehensive Comparison Network for Better Route Recommendation,"Hanyu Guo, Chao Chen, Longfei Xu, Chengzhang Wang, Kaikui Liu and Xiangxiang Chu",10.1145/3773078.3831869,https://doi.org/10.1145/3773078.3831869,,,
1001,2026,Industry,,Towards Generalizable and Efficient Large-Scale Generative Recommenders,"Qiuling Xu, Ko-Jen Hsiao and Moumita Bhattacharya",10.1145/3773078.3831905,https://doi.org/10.1145/3773078.3831905,,,
1002,2026,Industry,,Towards Reliable Social A/B Testing: Spillover-Contained Clustering with Robust Post-Experiment Analysis,"Xu Min, Zhaoxu Yang, Kaixuan Tan, Juan Yan, Xunbin Xiong, Zihao Zhu, Kaiyu Zhu, Fenglin Cui, Yang Yang, Sihua Yang and Jianhui Bu",10.1145/3773078.3831886,https://doi.org/10.1145/3773078.3831886,,,
1003,2026,Industry,,TransAct V2: Production System for Lifelong User Sequence Modeling at Scale,"Xue Xia, Saurabh Joshi, Kousik Rajesh, Kangnan Li, Yangyi Lu, Nikil Pancha, Dhruvil Badani, Jiajing Xu and Pong Eksombatchai",10.1145/3773078.3831868,https://doi.org/10.1145/3773078.3831868,,,
1004,2026,Industry,,TSSR-Beta: Enhancing Billion-Scale E-Commerce Semantic Retrieval via Representation-Level Interaction,"Guohao Tan, Jiahui Wan, Tao Wen, Dongshuai Li, Xingxian Liu, Daoning Jiang, Xiaoyao Qiu, Yuliang Yan, Dan Ou, Haihong Tang and Bo Zheng",10.1145/3773078.3831933,https://doi.org/10.1145/3773078.3831933,,,
1005,2026,Industry,,"TubiFM: Unified Item, Carousel, and Search Ranking for Streaming Discovery","Alexandre Salle, Chenglei Niu, Suchismit Mahapatra, Xiaoxiao Chen, Suvash Sedhain, Yaqi Wang, Shervin Shahryari, Saurabh Agrawal, Qiang Chen and Michael Tamir",10.1145/3773078.3831899,https://doi.org/10.1145/3773078.3831899,,,
1006,2026,Industry,,Uncertainty-Aware Reward Modeling: A Large-Scale Case Study in Video Recommendation,"Nitu Sharaff, Brian Y. C. Leung, Shawn Andrews and James Harrison",10.1145/3773078.3831895,https://doi.org/10.1145/3773078.3831895,,,
1007,2026,Industry,,UniPinRec: Unifying Generative Retrieval and Ranking at Pinterest Scale,"Hanyu Li, Yi-Ping Hsu, Aditya Mantha, Prabhat Agarwal, Laksh Bhasin, Jialu Wang, Hongtao Lin, Bella Huang, Yaxin Li, Xinyi Li, Chuxi Wang, Kousik Rajesh, Hooshmand Shokri Razaghi, Shunyao Li, Zongyue Qin, Jaewon Yang, James Li, Dhruvil Deven Badani, Jiajing Xu and Charles Rosenberg",10.1145/3773078.3831921,https://doi.org/10.1145/3773078.3831921,,,
1008,2026,Industry,,UNIQUE: A Unified Retrieval and Ranking System for Large-Scale Feed Recommendation,"Zhuang Liu, Yongkang Fu, Zuodong Yang, Zonggang Wu, Yuqi Lu, Shouke Qin, Shantao Li, Guangxing Chen and Maolin Wang",10.1145/3773078.3831936,https://doi.org/10.1145/3773078.3831936,,,
1009,2026,Industry,,UniShare: A Unified Framework for Joint Video and Receiver Recommendation in Social Sharing,"Caimeng Wang, Li Chong, Dongxu Liu, Xu Min and Jianhui Bu",10.1145/3773078.3831889,https://doi.org/10.1145/3773078.3831889,,,
1010,2026,Industry,,UniTraj: Cross-Domain Long-Sequence Modeling for Commercial Recommendation,"Xian Hu, Ming Yue, Zhixiang Feng, Junwei Pan, Junjie Zhai, Ximei Wang, Xinrui Miao, Qian Li, Xun Liu, Shangyu Zhang, Letian Wang, Hua Lu, Zijian Zeng, Chen Cai, Wei Wang, Fei Xiong, Pengfei Xiong, Jintao Zhang, Zhiyuan Wu, Chunhui Zhang, Anan Liu, Jiulong You, Chao Deng, Yuekui Yang, Shudong Huang, Dapeng Liu, Haijie Gu and Jie Jiang",10.1145/3773078.3831825,https://doi.org/10.1145/3773078.3831825,,,
1011,2026,Industry,,Versioned Late Materialization for Ultra-Long Sequence Training in Recommendation Systems at Scale,"Guo Liang, Ge Song, Litao Deng, Jianhui Sun, Chufeng Hu, Lu Zhang, Zhen Ma, Shouwei Chen, Weiran Liu, Sarang Sreeshylan and Xiaoxuan Meng",10.1145/3773078.3831845,https://doi.org/10.1145/3773078.3831845,,,
1012,2026,Industry,,WHALE: A Scalable Unified Model for Recommendation with Wukong-HSTU Architecture,"Renqin Cai, Dawei Sun, Yuanjun Yao, Zhiyong Wang, Velvin Fu, Maggie Zhuang, Yu Shi, Zhongnan Fang, Xuan Cao, Jing Qian and Rui Li",10.1145/3773078.3831927,https://doi.org/10.1145/3773078.3831927,,,
1013,2026,Industry,,Which LLM to Fine-Tune? Agent-Driven Model Selection at Scale,"Chen Luo, Yulin Liu, Yi Liu, Xuejing Lei, Yuchen Yan, Xin Zhang, Huimin Zeng, Hongda Mao and Monica Cheng",10.1145/3773078.3831880,https://doi.org/10.1145/3773078.3831880,,,
1014,2026,R&P Notes,,Blended User Embeddings for Steerable Matrix Factorization,"Andrea Pisani, Luca Pagano, Giuseppe Vitello, Maurizio Ferrari Dacrema and Paolo Cremonesi",10.1145/3773078.3841260,https://doi.org/10.1145/3773078.3841260,,,
1015,2026,R&P Notes,,Calibrating Recommendations on Ordinal Attributes,"Marta Moscati, Varvara Toloknova, Oleg Lesota and Markus Schedl",10.1145/3773078.3841248,https://doi.org/10.1145/3773078.3841248,,,
1016,2026,R&P Notes,,CoSID: Concept-Conditioned Semantic-ID Decoding for Efficient Generative Recommendation,"Danil Gusak, Anna Volodkevich and Evgeny Frolov",10.1145/3773078.3841283,https://doi.org/10.1145/3773078.3841283,,,
1017,2026,R&P Notes,,Cross-Spectrum Candidate Set Analysis for Popularity-Aware Recommendation,"Hye-Jin Jeong, Ye-Jin Lee, Gun-Woo Kim and Sang-Min Choi",10.1145/3773078.3841293,https://doi.org/10.1145/3773078.3841293,,,
1018,2026,R&P Notes,,Deadweight Loss in Recommendation Systems,"Minje Kim, Hae-Yeong Cho, Wooseung Kang, Hye-Jin Jeong, Gun-Woo Kim and Sang-Min Choi",10.1145/3773078.3841267,https://doi.org/10.1145/3773078.3841267,,,
1019,2026,R&P Notes,,Do Sequential Recommendation Benchmarks Really Require Higher-Order Sequence Modelling?,"Aleksandr V. Petrov, Praveen Chandar, Paul Bennett, Hugues Bouchard and Mounia Lalmas",10.1145/3773078.3841266,https://doi.org/10.1145/3773078.3841266,,,
1020,2026,R&P Notes,,Do SID Alignments Help Generative Recommendation?=,Shiteng Cao and Zhiheng Li,10.1145/3773078.3841246,https://doi.org/10.1145/3773078.3841246,,,
1021,2026,R&P Notes,,Don’t Waste the Last Token: A Quantizer-Agnostic Quality Boost from Semantic ID Collision Resolution,"Anna Volodkevich, Anton Klenitskiy, Artem Fatkulin, Darya Denisova and Alexey Vasilev",10.1145/3773078.3841287,https://doi.org/10.1145/3773078.3841287,,,
1022,2026,R&P Notes,,End-to-End User and Item Embeddings: Specializing Retrieval Representations for Ranking,"Simon Rauch, Vito Bellini, Anton Thielmann, Adrian Gruszczynski and Giuseppe Di Benedetto",10.1145/3773078.3841256,https://doi.org/10.1145/3773078.3841256,,,
1023,2026,R&P Notes,,Exploring Revealed Behavior and Stated Profiles in Longitudinal News Recommendation,"Thomas Elmar Kolb, Alain Dominique Starke and Christoph Trattner",10.1145/3773078.3841262,https://doi.org/10.1145/3773078.3841262,,,
1024,2026,R&P Notes,,How Faithful Is the Reasoning of LLM Recommenders? A Counterfactual Audit,Arpita Shah,10.1145/3773078.3841294,https://doi.org/10.1145/3773078.3841294,,,
1025,2026,R&P Notes,,In-Batch Negatives Can Silently Cripple LLM-Encoded Sequential Recommenders,Younggue Bae,10.1145/3773078.3841255,https://doi.org/10.1145/3773078.3841255,,,
1026,2026,R&P Notes,,Intent-Description Anchoring Bias in LLM-as-a-Judge Evaluation of Recommendation Systems,"Himan Abdollahpouri, Kyle Kretschman and Mounia Lalmas",10.1145/3773078.3841257,https://doi.org/10.1145/3773078.3841257,,,
1027,2026,R&P Notes,,Monte Carlo Power Analysis for Small-System A/B Trials: Detecting Differences in Newsletter Engagement,"Michael Ekstrand, Daniel Kluver, Karl Higley and Bart Knijnenburg",10.1145/3773078.3841270,https://doi.org/10.1145/3773078.3841270,,,
1028,2026,R&P Notes,,"More Test Users, More Overconfidence: Seed Variance in Sequential Recommender Tests","Danil Gusak, Anna Volodkevich and Evgeny Frolov",10.1145/3773078.3841281,https://doi.org/10.1145/3773078.3841281,,,
1029,2026,R&P Notes,,Music Discovery Quality and the Value of Familiarity,"Gustavo Escobedo, Geoffray Bonnin, Markus Schedl and Bruno Sguerra",10.1145/3773078.3841296,https://doi.org/10.1145/3773078.3841296,,,
1030,2026,R&P Notes,,Pairwise Ranking Outperforms Single-Action RL for Offline Explanation Selection: A Practical Lesson,Tanay Chowdhury and Saeideh Shahrokh Esfahani,10.1145/3773078.3841274,https://doi.org/10.1145/3773078.3841274,,,
1031,2026,R&P Notes,,PCP-Decoding: Training-Free Personalized Category-Relative Popularity Calibration for Generative Retrieval,"Yuyang Qin, Congcong Liu, Yiming Sun, Cai Shang, Wenlong Chen, Changping Peng and Ching Law",10.1145/3773078.3841288,https://doi.org/10.1145/3773078.3841288,,,
1032,2026,R&P Notes,,Personalized Fashion Discovery via Session Trajectories and Soft Negatives,Gwendolyn Rippberger and Julia Neidhardt,10.1145/3773078.3841292,https://doi.org/10.1145/3773078.3841292,,,
1033,2026,R&P Notes,,Predicting Custom-Feed Returns for New Bluesky Posts: A Prospective Study,Yipeng Wang and Mohit Singhal,10.1145/3773078.3841263,https://doi.org/10.1145/3773078.3841263,,,
1034,2026,R&P Notes,,Repetition Is Not Enough: Evaluating Repeat Recommendations Through Utility and Timing,Abhishek Srivastava,10.1145/3773078.3841286,https://doi.org/10.1145/3773078.3841286,,,
1035,2026,R&P Notes,,Revisiting the Assumptions of Shared-Account Sequential Recommendation,"Ye-Jin Lee, Hye-Jin Jeong, Wooseung Kang, Gun-Woo Kim and Sang-Min Choi",10.1145/3773078.3841282,https://doi.org/10.1145/3773078.3841282,,,
1036,2026,R&P Notes,,Scaling Sequence Learning under Production Latency Constraints,"Zhirong Chen, Howard Cheng and Allen Lin",10.1145/3773078.3841247,https://doi.org/10.1145/3773078.3841247,,,
1037,2026,R&P Notes,,SERA: A Multi-Dimensional Evaluation Framework for Retail Agentic Shopping Assistants,Sowmya Podila and Bo Shen,10.1145/3773078.3841258,https://doi.org/10.1145/3773078.3841258,,,
1038,2026,R&P Notes,,Should I Be Polite to My LLM Relevance Judge? Tone as a Severity Operating-Point Shift,Tian Zhang and Meng Li,10.1145/3773078.3841249,https://doi.org/10.1145/3773078.3841249,,,
1039,2026,R&P Notes,,Sparse Autoencoders as Semantic Domain Adapters for Recommender Systems,"Vojtěch Vančura, Giacomo Medda, Martin Spišák and Ladislav Peška",10.1145/3773078.3841253,https://doi.org/10.1145/3773078.3841253,,,
1040,2026,R&P Notes,,"The Illusion of Control: Commensurability, Concentration, and Correlation in Multi-Objective Recommendation",Patrik Dokoupil and Ladislav Peska,10.1145/3773078.3841251,https://doi.org/10.1145/3773078.3841251,,,
1041,2026,R&P Notes,,Towards Dynamic Relationship Schema Discovery for Complementary News Recommendation,Kai Sugahara,10.1145/3773078.3841261,https://doi.org/10.1145/3773078.3841261,,,
1042,2026,R&P Notes,,Training seeds and model-selection stability in recommender-system evaluation,"Juan Manuel Rodriguez, Oleg Lesota and Antonela Tommasel",10.1145/3773078.3841289,https://doi.org/10.1145/3773078.3841289,,,
1043,2026,R&P Notes,,What price fairness? Evaluating Energy – Fairness – Accuracy Trade-off in Recommender Systems,"Abhirup Mitra, Oleg Lesota and Antonela Tommasel",10.1145/3773078.3841290,https://doi.org/10.1145/3773078.3841290,,,
1044,2026,R&P Notes,,When Should Recommender Systems Not Act?,"Julia Neidhardt, Thomas Elmar Kolb, Ahmadou Wagne, Gwendolyn Rippberger and Ricardo Baeza-Yates",10.1145/3773078.3841277,https://doi.org/10.1145/3773078.3841277,,,
1045,2026,R&P Notes,,Whose Posts Get Ranked: Identical-Text Exposure Gaps in Bluesky Custom Feeds,Yipeng Wang and Mohit Singhal,10.1145/3773078.3841250,https://doi.org/10.1145/3773078.3841250,,,
1046,2026,R&P Notes,,Why Do CF and Review Models Disagree? User-Specific Rating–Review Scale Gaps,"Min-Gyu Jang, Wooseung Kang, Minje Kim, Gun-Woo Kim and Sang-Min Choi",10.1145/3773078.3841285,https://doi.org/10.1145/3773078.3841285,,,
1047,2026,R&P Notes,,Your 5-Core Train Split May Not Be 5-Core: Core Filtering and Temporal Splitting Do Not Commute,Danil Gusak and Evgeny Frolov,10.1145/3773078.3841280,https://doi.org/10.1145/3773078.3841280,,,
1048,2026,Demos,,AutoRecLab: An Autonomous Recommender Systems Lab,"Moritz Baumgart, Philipp Meister, Justus Krell, Michael Schmidt, Bela Gipp and Joeran Beel",10.1145/3773078.3841273,https://doi.org/10.1145/3773078.3841273,,,
1049,2026,Demos,,COMPRESSO: Espresso-Style Sparse Representation Learning for Interpretable Recommender Systems,"Vojtěch Vančura, Giacomo Medda, Martin Spišák and Ladislav Peška",10.1145/3773078.3841254,https://doi.org/10.1145/3773078.3841254,,,
1050,2026,Demos,,Conversational Recommendation over Live E-Commerce Catalogues with Self-Refreshing Retrieval,"Ante Kapetanovic, Tomislav Duricic, Dionizije Fa, Andro Mercep and Emanuel Lacic",10.1145/3773078.3841297,https://doi.org/10.1145/3773078.3841297,,,
1051,2026,Demos,,CORGI: Communal Feed Governance for Bluesky,"Andrew Nordstrom, Anas Buhayh and Robin Burke",10.1145/3773078.3841278,https://doi.org/10.1145/3773078.3841278,,,
1052,2026,Demos,,FINALLY: A Dataset Recommender for RecSys Experiments,"Louis Owie, Tobias Vente and Joeran Beel",10.1145/3773078.3841276,https://doi.org/10.1145/3773078.3841276,,,
1053,2026,Demos,,Fusion AutoEncoder: Feature-Grounded Embeddings for Products with Mixed Structured Attributes,"Sreeram Ajay, Abhilash Fulkar, Atharva Kinage, Parag Jain, Akash Khetan, Sambit Sarangi, Piyush Kumar and Sanjay Mohan",10.1145/3773078.3841259,https://doi.org/10.1145/3773078.3841259,,,
1054,2026,Demos,,GroupRec: A Unified Toolkit for Reproducible and Inspectable Group Recommendation Research,"Patrik Dokoupil, Ludovico Boratto and Ladislav Peska",10.1145/3773078.3841268,https://doi.org/10.1145/3773078.3841268,,,
1055,2026,Demos,,"How Would You Like Your Recommendations? p-book, a Self-Recommending Living Book That Teaches How Recommender Systems Work",Pavel Kordik and Eva Necasova,10.1145/3773078.3841269,https://doi.org/10.1145/3773078.3841269,,,
1056,2026,Demos,,Loom: LLM-Powered Naturally Embedded Recommendation,Piriyakorn Piriyatamwong and Satvik Garg,10.1145/3773078.3841284,https://doi.org/10.1145/3773078.3841284,,,
1057,2026,Demos,,Lumi: An LLM-Grounded System for Safety-Aware POI Recommendations,"Maria Alon Kutsaya, Maria Naddaf, Ludovico Boratto and Adir Solomon",10.1145/3773078.3841252,https://doi.org/10.1145/3773078.3841252,,,
1058,2026,Demos,,Perseus: A Demo of Modular Personalization over Heterogeneous Event Sequences,"Andrei Babkin, Anna Nikiforova, Kiryl Liakhnovich, Maryia Kurdun, Oleg Lashinin and Marina Ananyeva",10.1145/3773078.3841295,https://doi.org/10.1145/3773078.3841295,,,
1059,2026,Demos,,ReBait: From Clickbait to Informed Choice in Live News Recommendation Feeds,"Yi-Cheng Chang, Yi-Syuan Tsai, Xin-Ling Lan and Cheng-Te Li",10.1145/3773078.3841264,https://doi.org/10.1145/3773078.3841264,,,
1060,2026,Demos,,Scikit-Rank: Scikit-learn-Compatible Neural Ranking Models for Tabular Recommender Systems,"Aleksandr Milogradskii, Ilya Veselov, Yaroslav Klyukin, Maryia Kurdun, Oleg Lashinin and Kiryl Liakhnovich",10.1145/3773078.3841291,https://doi.org/10.1145/3773078.3841291,,,
1061,2026,Demos,,SeqPack: Interactive Composable Sequence Compression for Real-time Recommender Systems,"Swapnil Shinde, Aditya Sasanur and Hongyangyang Shi",10.1145/3773078.3841279,https://doi.org/10.1145/3773078.3841279,,,
1062,2026,Demos,,StreamlitRecommenders: Towards Recommendation Inspectability as a New Reproducibility Standard,"Václav Stibor, Vojtěch Vančura and Ladislav Peška",10.1145/3773078.3841275,https://doi.org/10.1145/3773078.3841275,,,
1063,2026,Demos,,Tasteprint: Cross-Platform Recommendation Agent,"Rongjie Zhu, Tianjun Wei, Cong Zhang, Guibing Guo and Zhu Sun",10.1145/3773078.3841271,https://doi.org/10.1145/3773078.3841271,,,
1064,2026,Demos,,ValueVet: Auditing Recommender Systems for Fairness and Value Alignment Using Constitutional AI Principles,Julia Kharchenko and Chirag Shah,10.1145/3773078.3841265,https://doi.org/10.1145/3773078.3841265,,,
1065,2026,Demos,,"WiseFood: A Multi-Task Conversational Recommender for Trustworthy, Integrated, and Personalized Dietary Guidance","Dimitrios Petrou, Nikolaos Bakatselos, Stylianos Kolidakis, Konstantinos Arvanitis, Konstantinos Andrikos, Elizaveta Kuzmenko, Dimitris Sacharidis and Dimitrios Skoutas",10.1145/3773078.3841272,https://doi.org/10.1145/3773078.3841272,,,
1066,2026,Doctoral,,A Design-Space Approach to Robust Agentic Conversational Recommendation,Alessandro Francesco Maria Martina,10.1145/3773078.3831946,https://doi.org/10.1145/3773078.3831946,,,
1067,2026,Doctoral,,Aligning Algorithms with Axiology: Operationalizing Journalistic Values in News Recommender Systems,Aishwarya Satwani,10.1145/3773078.3831943,https://doi.org/10.1145/3773078.3831943,,,
1068,2026,Doctoral,,Discover Weakly No More: User-Centric Design Criteria for Discovery in Music Recommendation,Omar Ahmed,10.1145/3773078.3831939,https://doi.org/10.1145/3773078.3831939,,,
1069,2026,Doctoral,,From Click Modeling to Offline and Off-Policy Evaluation in Carousel Recommendation,Jingwei Kang,10.1145/3773078.3831937,https://doi.org/10.1145/3773078.3831937,,,
1070,2026,Doctoral,,Human Value in Recommendations: Towards Improved Evaluation Measures,Troy Zada,10.1145/3773078.3831938,https://doi.org/10.1145/3773078.3831938,,,
1071,2026,Doctoral,,Teaching Recommenders to Listen: Bidirectional Natural-Language Control for Personalized News,Mahamudul Hasan,10.1145/3773078.3831940,https://doi.org/10.1145/3773078.3831940,,,
1072,2026,Doctoral,,Toward Human-Aligned Recommender Systems via Cognitive and Behavioral User Modeling,Mallika Mainali,10.1145/3773078.3831942,https://doi.org/10.1145/3773078.3831942,,,
1073,2026,Doctoral,,Transparency and Control for Provider-side Recommendation Interfaces,Elizabeth McKinnie,10.1145/3773078.3831941,https://doi.org/10.1145/3773078.3831941,,,
1074,2026,Doctoral,,Unbiased Recommender Systems with Implicit Feedback,Md Aminul Islam,10.1145/3773078.3831945,https://doi.org/10.1145/3773078.3831945,,,
1075,2026,Doctoral,,What Reasoning Should a Recommender Have? Designing Reasoning for Inference-Time Scaling in Recommendation,Wenhao Deng,10.1145/3773078.3831944,https://doi.org/10.1145/3773078.3831944,,,
